uid,x,y,name_jp,name_en,attribute,obj_name_en,obj_attributes,category,categories,importance,category_pin,contents,memo_jp,memo_en,updated_at,link_url_jp,link_url_en,marker_display_style
p_1775182950,1020.2715762454978,2419.8210635507075,SSショモン号の残骸,SS Chaumont Shipwreck,POI,POI,,場所・エリア・スポット,"[{""cat_id"": ""SITE"", ""category"": ""場所・エリア・スポット"", ""cat_name_en"": ""Site"", ""item_id"": ""SHIPWRECK"", ""item_name_jp"": ""沈没船"", ""item_name_en"": ""Shipwreck"", ""qty"": ""1"", ""attributes"": {}}]",3,POI,,,,2026-04-14T18:33:32,,,
p_1775186092,978.7598086092077,2648.191633104913,サンタクララ号の残骸,Santa Clara Shipwreck,POI,POI,,場所・エリア・スポット,"[{""cat_id"": ""SITE"", ""category"": ""場所・エリア・スポット"", ""cat_name_en"": ""Site"", ""item_id"": ""SHIPWRECK"", ""item_name_jp"": ""沈没船"", ""item_name_en"": ""Shipwreck"", ""qty"": ""1"", ""attributes"": {}}]",3,POI,,,,2026-04-14T18:33:35,,,
p_1775186114,941.4302884606377,2825.6904148692183,スプリットロック洞窟,Split Rock Cave,POI,POI,,地形,"[{""cat_id"": ""TERRAIN"", ""category"": ""地形"", ""cat_name_en"": ""Terrain"", ""item_id"": ""CAVE"", ""item_name_jp"": ""洞窟"", ""item_name_en"": ""Cave"", ""qty"": ""1"", ""attributes"": {}}]",3,POI,,,,2026-04-14T18:33:51,,,
p_1775269250,1345.977757988593,2512.1736168605066,,,DEPLOYABLES,Deployables,,武器コンテナ,"[{""cat_id"": ""LOOT_CONTAINER"", ""category"": ""武器コンテナ"", ""cat_name_en"": ""Weapon Container"", ""item_id"": ""WEAPON_CASE"", ""item_name_jp"": ""ウェポンケース"", ""item_name_en"": ""Weapon Case"", ""qty"": ""2"", ""attributes"": {""special_rule_enabled_1"": true}}]",3,DEPLOYABLES,,建物内と裏手の墓場に各1つ。,One inside the building and one in the graveyard behind it.,2026-04-14T18:35:50,,,
p_1775284988,1331.482683032526,2513.996892050317,聖アベラード教会,St. Abelard's Church,POI,POI,,建物,"[{""cat_id"": ""BUILDING"", ""category"": ""建物"", ""cat_name_en"": ""Building"", ""item_id"": ""CHURCH"", ""item_name_jp"": ""教会"", ""item_name_en"": ""Church"", ""qty"": """", ""item_qty"": ""1"", ""attributes"": {}}]",3,POI,,,,2026-04-11T19:07:08,,,
p_1775381799,1419.2960077636842,2724.448141767253,,,DEPLOYABLES,Deployables,,ツールコンテナ,"[{""cat_id"": ""TOOL_CONTAINER"", ""category"": ""ツールコンテナ"", ""cat_name_en"": ""Tool Container"", ""item_id"": ""STEEL_TOOL_SHELF"", ""item_name_jp"": ""スチール製ツールシェルフ"", ""item_name_en"": ""Steel Tool Shelf"", ""qty"": ""1"", ""attributes"": {}}]",5,DEPLOYABLES,,南東の作業場。最上位ツールの探索スポット。,Southeast Workshop. High-end tools loot spot.,2026-04-13T15:12:19,,,
p_1775381812,1355.5254867427748,2676.7542226843884,,,DEPLOYABLES,Deployables,,ツールコンテナ,"[{""cat_id"": ""TOOL_CONTAINER"", ""category"": ""ツールコンテナ"", ""cat_name_en"": ""Tool Container"", ""item_id"": ""STEEL_TOOL_SHELF"", ""item_name_jp"": ""スチール製ツールシェルフ"", ""item_name_en"": ""Steel Tool Shelf"", ""qty"": ""1"", ""attributes"": {}}]",5,DEPLOYABLES,,北西の倉庫。最上位ツールの漁りスポット。,Northwest Warehouse. High-end tool spawn location.,2026-04-13T15:12:23,,,
p_1775381938,1391.4298977377407,2730.0749524455687,,,DEPLOYABLES,Deployables,,武器コンテナ,"[{""cat_id"": ""LOOT_CONTAINER"", ""category"": ""武器コンテナ"", ""cat_name_en"": ""Weapon Container"", ""item_id"": ""FOOT_LCOKER"", ""item_name_jp"": ""フットロッカー"", ""item_name_en"": ""Foot Lcoker"", ""qty"": ""1"", ""attributes"": {""special_rule_enabled_1"": true}}, {""cat_id"": ""LOOT_CONTAINER"", ""category"": ""武器コンテナ"", ""cat_name_en"": ""Weapon Container"", ""item_id"": ""WEAPON_CASE"", ""item_name_jp"": ""ウェポンケース"", ""item_name_en"": ""Weapon Case"", ""qty"": ""1"", ""attributes"": {""special_rule_enabled_1"": true}}]",3,DEPLOYABLES,,,,2026-04-14T18:35:55,,,
p_1775382025,1342.9321485579742,2879.319407103749,リヨンマウンテン消防署,Lyon Mountain Fire Department,POI,POI,,建物,"[{""cat_id"": ""BUILDING"", ""category"": ""建物"", ""cat_name_en"": ""Building"", ""item_id"": ""PUBLIC_BUILDING"", ""item_name_jp"": ""公共施設"", ""item_name_en"": ""Public Building"", ""qty"": """", ""item_qty"": """", ""attributes"": {}}]",3,POI,,,,2026-04-10T10:15:11,,,
p_1775382452,1493.5163200443224,2918.9750252175904,,,DEPLOYABLES,Deployables,,武器コンテナ,"[{""cat_id"": ""LOOT_CONTAINER"", ""category"": ""武器コンテナ"", ""cat_name_en"": ""Weapon Container"", ""item_id"": ""WEAPON_CASE"", ""item_name_jp"": ""ウェポンケース"", ""item_name_en"": ""Weapon Case"", ""qty"": ""1"", ""attributes"": {""special_rule_enabled_1"": true}}]",1,DEPLOYABLES,,,,2026-04-14T18:34:48,,,
p_1775382509,1637.6698507554536,2880.9270672975517,UH-60 Grey Eagle墜落現場,UH-60 Grey Eagle Crash Site,POI,POI,,,,3,POI,,,,2026-04-11T21:58:58,,,
p_1775382580,1648.6194603364336,2899.1378028648414,,,DEPLOYABLES,Deployables,,武器コンテナ,"[{""cat_id"": ""LOOT_CONTAINER"", ""category"": ""武器コンテナ"", ""cat_name_en"": ""Weapon Container"", ""item_id"": ""MILITARY_CRRATE"", ""item_name_jp"": ""軍用クレート"", ""item_name_en"": ""Military Crate"", ""qty"": ""2"", ""attributes"": {""special_rule_enabled_1"": true}}]",3,DEPLOYABLES,,,,2026-04-14T18:34:43,,,
p_1775382614,1507.1981040991243,3011.214227682909,デッドエアデプス,Dead Air Depth,POI,POI,,地形,"[{""cat_id"": ""TERRAIN"", ""category"": ""地形"", ""cat_name_en"": ""Terrain"", ""item_id"": ""CAVE"", ""item_name_jp"": ""洞窟"", ""item_name_en"": ""Cave"", ""qty"": """", ""item_qty"": """", ""attributes"": {}}]",3,POI,,,,2026-04-10T10:25:06,,,
p_1775382645,1502.2483566308185,3023.9421497442668,ジ・エーペックス,The Apex,POI,POI,,地形,"[{""cat_id"": ""TERRAIN"", ""category"": ""地形"", ""cat_name_en"": ""Terrain"", ""item_id"": ""CAVE"", ""item_name_jp"": ""洞窟"", ""item_name_en"": ""Cave"", ""qty"": """", ""item_qty"": """", ""attributes"": {}}]",3,POI,,,,2026-04-10T10:25:26,,,
p_1775437552,1343.1785549593026,3114.795365762636,,,DEPLOYABLES,Deployables,,ツール,"[{""cat_id"": ""TOOL"", ""category"": ""ツール"", ""cat_name_en"": ""Tool"", ""item_id"": ""IMPROVED_PICKAXE"", ""item_name_jp"": ""改良されたつるはし"", ""item_name_en"": ""Improved Pickaxe"", ""qty"": ""1"", ""attributes"": {}}]",3,DEPLOYABLES,,,,2026-04-13T15:12:10,,,
p_1775438441,1388.7308982530644,3138.1871096161894,,,DEPLOYABLES,Deployables,,武器コンテナ,"[{""cat_id"": ""LOOT_CONTAINER"", ""category"": ""武器コンテナ"", ""cat_name_en"": ""Weapon Container"", ""item_id"": ""DUNPED_MILITARY_CRATE"", ""item_name_jp"": ""捨てられた軍用クレート"", ""item_name_en"": ""Dunped Military Crate"", ""qty"": ""1"", ""attributes"": {""special_rule_enabled_1"": false}}, {""cat_id"": ""LOOT_CONTAINER"", ""category"": ""武器コンテナ"", ""cat_name_en"": ""Weapon Container"", ""item_id"": ""DUMPED_FOOT_LOCKER"", ""item_name_jp"": ""捨てられたフットロッカー"", ""item_name_en"": ""Dumped Foot Locker"", ""qty"": ""1"", ""attributes"": {""special_rule_enabled_1"": false}}]",4,DEPLOYABLES,,,,2026-04-14T18:35:31,,,
p_1775457547,1530.3125057877298,3061.240583782132,3番製粉所,Mill No.3,POI,POI,,建物,"[{""cat_id"": ""BUILDING"", ""category"": ""建物"", ""cat_name_en"": ""Building"", ""item_id"": ""FACTORY"", ""item_name_jp"": ""工場"", ""item_name_en"": ""Factory"", ""qty"": """", ""item_qty"": """", ""attributes"": {}}]",3,POI,,,,2026-04-10T17:57:16,,,
p_1775459651,1070.5486583975173,2952.1313345567346,,,DEPLOYABLES,Deployables,,発電機,"[{""cat_id"": ""POWER_GENERATOR"", ""category"": ""発電機"", ""cat_name_en"": ""Power Generator"", ""item_id"": ""SOLAR_PANEL"", ""item_name_jp"": ""ソーラーパネル"", ""item_name_en"": ""Solar Panel"", ""qty"": ""1"", ""attributes"": {}}]",5,DEPLOYABLES,,,,2026-04-13T15:11:56,,,
p_1775459728,1105.1775784753472,3273.5462508068854,,,DEPLOYABLES,Deployables,,発電機,"[{""cat_id"": ""POWER_GENERATOR"", ""category"": ""発電機"", ""cat_name_en"": ""Power Generator"", ""item_id"": ""SOLAR_PANEL"", ""item_name_jp"": ""ソーラーパネル"", ""item_name_en"": ""Solar Panel"", ""qty"": ""1"", ""attributes"": {}}]",3,DEPLOYABLES,,,,2026-04-13T15:12:01,,,
p_1775462524,1382.0402038291056,3383.505947977626,２Aごみ処理場,Dump Site 2A,POI,POI,,地形,"[{""cat_id"": ""TERRAIN"", ""category"": ""地形"", ""cat_name_en"": ""Terrain"", ""item_id"": ""POND"", ""item_name_jp"": ""池"", ""item_name_en"": ""Pond"", ""qty"": """", ""item_qty"": """", ""attributes"": {}}]",3,POI,,,,2026-04-10T14:04:30,,,
p_1775462575,1399.0107665775827,3380.6775208528798,,,DEPLOYABLES,Deployables,,武器コンテナ,"[{""cat_id"": ""LOOT_CONTAINER"", ""category"": ""武器コンテナ"", ""cat_name_en"": ""Weapon Container"", ""item_id"": ""DUNPED_MILITARY_CRATE"", ""item_name_jp"": ""捨てられた軍用クレート"", ""item_name_en"": ""Dunped Military Crate"", ""qty"": ""1"", ""attributes"": {""special_rule_enabled_1"": false}}]",4,DEPLOYABLES,,,,2026-04-14T18:35:17,,,
p_1775464434,1560.9382194693019,3571.242798382654,,,DEPLOYABLES,Deployables,,武器コンテナ,"[{""cat_id"": ""LOOT_CONTAINER"", ""category"": ""武器コンテナ"", ""cat_name_en"": ""Weapon Container"", ""item_id"": ""DUNPED_MILITARY_CRATE"", ""item_name_jp"": ""捨てられた軍用クレート"", ""item_name_en"": ""Dunped Military Crate"", ""qty"": ""1"", ""attributes"": {""special_rule_enabled_1"": true}}]",4,DEPLOYABLES,,,,2026-04-14T18:36:15,,,
p_1775464474,1549.9780643609104,3566.2930509143484,２Ｂごみ処理場,Dump Site B2,POI,POI,,地形,"[{""cat_id"": ""TERRAIN"", ""category"": ""地形"", ""cat_name_en"": ""Terrain"", ""item_id"": ""POND"", ""item_name_jp"": ""池"", ""item_name_en"": ""Pond"", ""qty"": """", ""item_qty"": """", ""attributes"": {}}]",3,POI,,,,2026-04-12T10:10:33,,,
p_1775464500,1841.659611600361,3238.549057834384,,,DEPLOYABLES,Deployables,,武器コンテナ,"[{""cat_id"": ""LOOT_CONTAINER"", ""category"": ""武器コンテナ"", ""cat_name_en"": ""Weapon Container"", ""item_id"": ""DUNPED_MILITARY_CRATE"", ""item_name_jp"": ""捨てられた軍用クレート"", ""item_name_en"": ""Dunped Military Crate"", ""qty"": ""1"", ""attributes"": {""special_rule_enabled_1"": true, ""special_rule_enabled_2"": true, ""special_rule_enabled_3"": false}}]",3,DEPLOYABLES,,,,2026-04-13T15:20:09,,,
p_1775464520,1837.4169709132416,3220.517834914127,２Cごみ処理場,Dump Site 2C,POI,POI,,地形,"[{""cat_id"": ""TERRAIN"", ""category"": ""地形"", ""cat_name_en"": ""Terrain"", ""item_id"": ""POND"", ""item_name_jp"": ""池"", ""item_name_en"": ""Pond"", ""qty"": """", ""item_qty"": """", ""attributes"": {}}]",3,POI,,,,2026-04-11T21:59:44,,,
p_1775464584,1956.103666756915,3422.8315294527747,ノアイースタン鉄道事故現場,Noreastern Rail Wreckage,POI,POI,,,,3,POI,,,,2026-04-10T14:37:42,,,
p_1775464608,1963.9890847456334,3422.396820942886,,,DEPLOYABLES,Deployables,,武器コンテナ,"[{""cat_id"": ""LOOT_CONTAINER"", ""category"": ""武器コンテナ"", ""cat_name_en"": ""Weapon Container"", ""item_id"": ""MILITARY_CRRATE"", ""item_name_jp"": ""軍用クレート"", ""item_name_en"": ""Military Crate"", ""qty"": ""4"", ""attributes"": {""special_rule_enabled_1"": true}}]",5,DEPLOYABLES,,,,2026-04-14T18:36:26,,,
p_1775464648,2066.6680762540263,3218.497304306214,イブリル鉱山（北）,Averill Mines North,POI,POI,,地形,"[{""cat_id"": ""TERRAIN"", ""category"": ""地形"", ""cat_name_en"": ""Terrain"", ""item_id"": ""CAVE"", ""item_name_jp"": ""洞窟"", ""item_name_en"": ""Cave"", ""qty"": """", ""item_qty"": """", ""attributes"": {}}]",3,POI,,,,2026-04-11T18:13:57,,,
p_1775464780,2044.5992578008997,3260.1158146605735,,,DEPLOYABLES,Deployables,,武器コンテナ,"[{""cat_id"": ""LOOT_CONTAINER"", ""category"": ""武器コンテナ"", ""cat_name_en"": ""Weapon Container"", ""item_id"": ""MILITARY_CRRATE"", ""item_name_jp"": ""軍用クレート"", ""item_name_en"": ""Military Crate"", ""qty"": ""1"", ""attributes"": {""special_rule_enabled_1"": true, ""special_rule_enabled_2"": true, ""special_rule_enabled_3"": true}}, {""cat_id"": ""LOOT_CONTAINER"", ""category"": ""武器コンテナ"", ""cat_name_en"": ""Weapon Container"", ""item_id"": ""EXPLOSIVE_BOX"", ""item_name_jp"": ""爆発物ボックス"", ""item_name_en"": ""Explosive Box"", ""qty"": ""1"", ""attributes"": {""special_rule_enabled_1"": true, ""special_rule_enabled_2"": true, ""special_rule_enabled_3"": true}}]",3,DEPLOYABLES,,,,2026-04-13T15:19:46,,,
p_1775464807,2080.634058552907,3058.1627227487697,,,DEPLOYABLES,Deployables,,武器コンテナ,"[{""cat_id"": ""LOOT_CONTAINER"", ""category"": ""武器コンテナ"", ""cat_name_en"": ""Weapon Container"", ""item_id"": ""WEAPON_CASE"", ""item_name_jp"": ""ウェポンケース"", ""item_name_en"": ""Weapon Case"", ""qty"": ""2"", ""attributes"": {""special_rule_enabled_1"": false, ""special_rule_enabled_2"": false}}, {""cat_id"": ""WEAPON"", ""category"": ""武器"", ""cat_name_en"": ""Weapon"", ""item_id"": ""WOOD_AXE"", ""item_name_jp"": ""木製斧"", ""item_name_en"": ""Wood Axe"", ""qty"": ""1"", ""attributes"": {}}]",3,DEPLOYABLES,,,,2026-04-13T15:01:12,,,
p_1775465323,2072.176422267175,3044.448246398677,ダークウッズキャビン,Dark Woods Cabin,POI,POI,,建物,"[{""cat_id"": ""BUILDING"", ""category"": ""建物"", ""cat_name_en"": ""Building"", ""item_id"": ""CABIN"", ""item_name_jp"": ""小屋"", ""item_name_en"": ""Cabin"", ""qty"": """", ""item_qty"": """", ""attributes"": {}}]",3,POI,,,,2026-04-10T14:32:25,,,
p_1775465417,1873.8017971109612,2890.1115103271886,廃洞窟,Abondoned Cave,POI,POI,,地形,"[{""cat_id"": ""TERRAIN"", ""category"": ""地形"", ""cat_name_en"": ""Terrain"", ""item_id"": ""CAVE"", ""item_name_jp"": ""洞窟"", ""item_name_en"": ""Cave"", ""qty"": """", ""item_qty"": """", ""attributes"": {}}]",3,POI,,,,2026-04-10T14:31:28,,,
p_1775465464,1876.3078438785017,2876.156832476279,,,DEPLOYABLES,Deployables,,武器コンテナ,"[{""cat_id"": ""LOOT_CONTAINER"", ""category"": ""武器コンテナ"", ""cat_name_en"": ""Weapon Container"", ""item_id"": ""MILITARY_CRRATE"", ""item_name_jp"": ""軍用クレート"", ""item_name_en"": ""Military Crate"", ""qty"": ""1"", ""attributes"": {""special_rule_enabled_1"": true, ""special_rule_enabled_2"": true}}]",3,DEPLOYABLES,,,,2026-04-13T15:01:20,,,
p_1775465507,1776.4948158860796,2981.506924455865,アルファ前哨基地,Outpost Alpha,POI,POI,,,,3,POI,,,,2026-04-10T14:31:48,,,
p_1775465530,1763.5243122792474,2994.243664934432,,,DEPLOYABLES,Deployables,,武器コンテナ,"[{""cat_id"": ""LOOT_CONTAINER"", ""category"": ""武器コンテナ"", ""cat_name_en"": ""Weapon Container"", ""item_id"": ""FOOT_LCOKER"", ""item_name_jp"": ""フットロッカー"", ""item_name_en"": ""Foot Lcoker"", ""qty"": ""5"", ""attributes"": {""special_rule_enabled_1"": true, ""special_rule_enabled_2"": true}}, {""cat_id"": ""LOOT_CONTAINER"", ""category"": ""武器コンテナ"", ""cat_name_en"": ""Weapon Container"", ""item_id"": ""WEAPON_CASE"", ""item_name_jp"": ""ウェポンケース"", ""item_name_en"": ""Weapon Case"", ""qty"": ""3"", ""attributes"": {""special_rule_enabled_1"": true, ""special_rule_enabled_2"": true}}]",5,DEPLOYABLES,,,,2026-04-13T14:44:33,,,
p_1775522525,2405.040611469291,4056.313055868158,ブリッジヒル・バー＆グリル,Bridge Hills Bar N'Grill,POI,POI,,建物,"[{""cat_id"": ""BUILDING"", ""category"": ""建物"", ""cat_name_en"": ""Building"", ""item_id"": ""STORE"", ""item_name_jp"": ""商店"", ""item_name_en"": ""Store"", ""qty"": """", ""item_qty"": """", ""attributes"": {}}]",3,POI,,,,2026-04-11T18:13:06,,,
p_1775522548,2392.2965903003733,4055.8944142105,,,DEPLOYABLES,Deployables,,武器コンテナ,"[{""cat_id"": ""LOOT_CONTAINER"", ""category"": ""武器コンテナ"", ""cat_name_en"": ""Weapon Container"", ""item_id"": ""WEAPON_CASE"", ""item_name_jp"": ""ウェポンケース"", ""item_name_en"": ""Weapon Case"", ""qty"": ""1"", ""attributes"": {""special_rule_enabled_1"": true, ""special_rule_enabled_2"": false, ""special_rule_enabled_3"": false}}]",3,DEPLOYABLES,,,,2026-04-13T15:22:02,,,
p_1775522579,2657.7330023083346,4220.363048946368,N870,N870,DEPLOYABLES,Deployables,,武器,"[{""cat_id"": ""WEAPON"", ""category"": ""武器"", ""cat_name_en"": ""Weapon"", ""item_id"": ""N870"", ""item_name_jp"": ""N870"", ""item_name_en"": ""N870"", ""qty"": ""1"", ""item_qty"": ""1"", ""attributes"": {}}]",3,DEPLOYABLES,,,,2026-04-09T17:14:41,,,
p_1775522671,2653.0793114349094,3999.445918222521,サラナック土木事務所,Saranac Town Garage,POI,POI,,建物,"[{""cat_id"": ""BUILDING"", ""category"": ""建物"", ""cat_name_en"": ""Building"", ""item_id"": ""STORAGE"", ""item_name_jp"": ""倉庫"", ""item_name_en"": ""Storage"", ""qty"": """", ""item_qty"": """", ""attributes"": {}}]",3,POI,,,,2026-04-10T15:01:17,,,
p_1775549009,2660.810863341697,3990.1390436508686,N870,N870,DEPLOYABLES,,,武器,"[{""cat_id"": ""WEAPON"", ""category"": ""武器"", ""cat_name_en"": ""Weapon"", ""item_id"": ""N870"", ""item_name_jp"": ""N870"", ""item_name_en"": ""N870"", ""qty"": ""1"", ""attributes"": {}}]",4,DEPLOYABLES,,,,2026-04-07T17:03:29,,,
p_1775549260,2670.660018648456,4019.070937364474,医療品クレート,Quarantine Crate,DEPLOYABLES,Deployables,,医療品コンテナ,"[{""cat_id"": ""MEDICAL_CONTAINER"", ""category"": ""医療品コンテナ"", ""cat_name_en"": ""Medical Container"", ""item_id"": ""QUARANTINE_CRATE"", ""item_name_jp"": ""医療品クレート"", ""item_name_en"": ""Quarantine Crate"", ""qty"": """", ""item_qty"": """", ""attributes"": {}}]",3,DEPLOYABLES,,,,2026-04-09T17:17:00,,,
p_1775549339,2614.358442286132,3965.3902140314276,クライン・アーチェリー＆ベイト,Kline's Archery & Bait,POI,POI,,建物,"[{""cat_id"": ""BUILDING"", ""category"": ""建物"", ""cat_name_en"": ""Building"", ""item_id"": ""STORE"", ""item_name_jp"": ""商店"", ""item_name_en"": ""Store"", ""qty"": """", ""item_qty"": """", ""attributes"": {}}]",3,POI,,,,2026-04-10T15:00:58,,,
p_1775549422,2609.410584084547,3958.1292889039005,武器,Weapon,DEPLOYABLES,,,武器,"[{""cat_id"": ""WEAPON"", ""category"": ""武器"", ""cat_name_en"": ""Weapon"", ""item_id"": """", ""item_name_jp"": """", ""item_name_en"": """", ""qty"": ""1"", ""attributes"": {}}]",,DEPLOYABLES,,,,2026-04-07T17:10:22,,,
p_1775549479,2550.315652243991,3983.983321584144,サラナック公会堂,Saranac Town Hall,POI,POI,,建物,"[{""cat_id"": ""BUILDING"", ""category"": ""建物"", ""cat_name_en"": ""Building"", ""item_id"": ""PUBLIC_BUILDING"", ""item_name_jp"": ""公共施設"", ""item_name_en"": ""Public Building"", ""qty"": """", ""item_qty"": """", ""attributes"": {}}]",3,POI,,,,2026-04-10T14:59:49,,,
p_1775549507,2547.4265780722394,3958.5120536421073,医療品クレート,Quarantine Crate,DEPLOYABLES,Deployables,,医療品コンテナ,"[{""cat_id"": ""MEDICAL_CONTAINER"", ""category"": ""医療品コンテナ"", ""cat_name_en"": ""Medical Container"", ""item_id"": ""QUARANTINE_CRATE"", ""item_name_jp"": ""医療品クレート"", ""item_name_en"": ""Quarantine Crate"", ""qty"": """", ""item_qty"": """", ""attributes"": {}}]",3,DEPLOYABLES,,,,2026-04-09T17:26:20,,,
p_1775549637,2626.031033664703,3704.8213258581845,ウェポンケース,Weapon Case,DEPLOYABLES,,,武器コンテナ,"[{""cat_id"": ""LOOT_CONTAINER"", ""category"": ""武器コンテナ"", ""cat_name_en"": ""Weapon Container"", ""item_id"": ""WEAPON_CASE"", ""item_name_jp"": ""ウェポンケース"", ""item_name_en"": ""Weapon Case"", ""qty"": """", ""attributes"": {}}, {""cat_id"": ""LOOT_CONTAINER"", ""category"": ""武器コンテナ"", ""cat_name_en"": ""Weapon Container"", ""item_id"": ""AMMO_BOX"", ""item_name_jp"": ""弾薬ボックス"", ""item_name_en"": ""Ammo Box"", ""qty"": """", ""attributes"": {}}, {""cat_id"": ""LOOT_CONTAINER"", ""category"": ""武器コンテナ"", ""cat_name_en"": ""Weapon Container"", ""item_id"": ""EXPLOSIVE_BOX"", ""item_name_jp"": ""爆発物ボックス"", ""item_name_en"": ""Explosive Box"", ""qty"": """", ""attributes"": {}}]",,DEPLOYABLES,,,,2026-04-07T17:13:57,,,
p_1775549729,2779.0387652923782,3771.3193517917716,パイングローブ・ケアハウス,Pinegrove Assisted Living,POI,POI,,建物,"[{""cat_id"": ""BUILDING"", ""category"": ""建物"", ""cat_name_en"": ""Building"", ""item_id"": ""CABIN"", ""item_name_jp"": ""小屋"", ""item_name_en"": ""Cabin"", ""qty"": """", ""item_qty"": """", ""attributes"": {}}]",3,POI,,,,2026-04-11T18:25:03,,,
p_1775549930,2803.6783874046578,3755.797668272343,ウェポンケース,Weapon Case,DEPLOYABLES,,,武器コンテナ,"[{""cat_id"": ""LOOT_CONTAINER"", ""category"": ""武器コンテナ"", ""cat_name_en"": ""Weapon Container"", ""item_id"": ""WEAPON_CASE"", ""item_name_jp"": ""ウェポンケース"", ""item_name_en"": ""Weapon Case"", ""qty"": """", ""attributes"": {}}, {""cat_id"": ""LOOT_CONTAINER"", ""category"": ""武器コンテナ"", ""cat_name_en"": ""Weapon Container"", ""item_id"": ""AMMO_BOX"", ""item_name_jp"": ""弾薬ボックス"", ""item_name_en"": ""Ammo Box"", ""qty"": """", ""attributes"": {}}, {""cat_id"": ""LOOT_CONTAINER"", ""category"": ""武器コンテナ"", ""cat_name_en"": ""Weapon Container"", ""item_id"": ""PISTOL_CASE"", ""item_name_jp"": ""ピストルケース"", ""item_name_en"": ""Pistol Case"", ""qty"": """", ""attributes"": {}}]",,DEPLOYABLES,,,,2026-04-07T17:18:50,,,
p_1775549981,2963.130966562224,3853.0248506854928,ボウエンヒル・パーク,Bowen Hill Park,POI,POI,,建物,"[{""cat_id"": ""BUILDING"", ""category"": ""建物"", ""cat_name_en"": ""Building"", ""item_id"": ""CABIN"", ""item_name_jp"": ""小屋"", ""item_name_en"": ""Cabin"", ""qty"": """", ""item_qty"": ""1"", ""attributes"": {}}]",3,POI,,,,2026-04-11T21:52:01,,,
p_1775550326,2991.415237809686,3850.54997695134,ソーラーパネル,Solar Panel,DEPLOYABLES,,,発電機,"[{""cat_id"": ""POWER_GENERATOR"", ""category"": ""発電機"", ""cat_name_en"": ""Power Generator"", ""item_id"": ""SOLAR_PANEL"", ""item_name_jp"": ""ソーラーパネル"", ""item_name_en"": ""Solar Panel"", ""qty"": ""1"", ""attributes"": {}}]",,DEPLOYABLES,,,,2026-04-07T17:55:17,,,
p_1775551302,3080.408421558767,3716.2704052911004,フランク・ハードウェアエンポリアム,Frank's Hardware Emporium,POI,POI,,建物,"[{""cat_id"": ""BUILDING"", ""category"": ""建物"", ""cat_name_en"": ""Building"", ""item_id"": ""STORE"", ""item_name_jp"": ""商店"", ""item_name_en"": ""Store"", ""qty"": """", ""item_qty"": """", ""attributes"": {}}]",3,POI,,,,2026-04-10T15:10:15,,,
p_1775551470,3093.47088344028,3722.5683779839715,スレッジハンマー,Sledge Hammer,DEPLOYABLES,,,武器,"[{""cat_id"": ""WEAPON"", ""category"": ""武器"", ""cat_name_en"": ""Weapon"", ""item_id"": ""SLEDGE_HAMMER"", ""item_name_jp"": ""スレッジハンマー"", ""item_name_en"": ""Sledge Hammer"", ""qty"": ""1"", ""attributes"": {}}, {""cat_id"": ""WEAPON"", ""category"": ""武器"", ""cat_name_en"": ""Weapon"", ""item_id"": ""MACHETE"", ""item_name_jp"": ""マチェーテ"", ""item_name_en"": ""Machete"", ""qty"": ""1"", ""attributes"": {}}]",5,DEPLOYABLES,,,,2026-04-07T17:55:40,,,
p_1775552203,3038.888453435379,3657.4893268242813,サラナック・セントラルスクール,Saranac Central School,POI,POI,,,,3,POI,,,,2026-04-10T15:08:17,,,
p_1775552263,3139.1895000255854,3647.692480413145,サラネック・スクールバスガレージ,Saranac School Bus Garage,POI,POI,,建物,"[{""cat_id"": ""BUILDING"", ""category"": ""建物"", ""cat_name_en"": ""Building"", ""item_id"": ""STORAGE"", ""item_name_jp"": ""倉庫"", ""item_name_en"": ""Storage"", ""qty"": """", ""item_qty"": """", ""attributes"": {}}]",3,POI,,,,2026-04-10T15:10:40,,,
p_1775552296,3030.024640015779,3448.023420224268,サラナック洞窟,Saranac Cave,POI,POI,,地形,"[{""cat_id"": ""TERRAIN"", ""category"": ""地形"", ""cat_name_en"": ""Terrain"", ""item_id"": ""CAVE"", ""item_name_jp"": ""洞窟"", ""item_name_en"": ""Cave"", ""qty"": """", ""item_qty"": ""1"", ""attributes"": {}}]",3,POI,,,,2026-04-11T18:29:55,,,
p_1775552309,3012.2970131765796,3452.6885851819525,ウェポンケース,Weapon Case,DEPLOYABLES,,,武器コンテナ,"[{""cat_id"": ""LOOT_CONTAINER"", ""category"": ""武器コンテナ"", ""cat_name_en"": ""Weapon Container"", ""item_id"": ""WEAPON_CASE"", ""item_name_jp"": ""ウェポンケース"", ""item_name_en"": ""Weapon Case"", ""qty"": """", ""attributes"": {}}]",,DEPLOYABLES,,,,2026-04-07T17:58:29,,,
p_1775552356,2790.23516119082,3583.313203997105,バックウッド・トランクルーム,Backwoods Self Storage,POI,POI,,建物,"[{""cat_id"": ""BUILDING"", ""category"": ""建物"", ""cat_name_en"": ""Building"", ""item_id"": ""STORAGE"", ""item_name_jp"": ""倉庫"", ""item_name_en"": ""Storage"", ""qty"": """", ""item_qty"": """", ""attributes"": {}}]",3,POI,,,,2026-04-10T15:02:44,,,
p_1775552380,2774.373600334694,3589.3779184420946,ウェポンケース,Weapon Case,DEPLOYABLES,,,武器コンテナ,"[{""cat_id"": ""LOOT_CONTAINER"", ""category"": ""武器コンテナ"", ""cat_name_en"": ""Weapon Container"", ""item_id"": ""WEAPON_CASE"", ""item_name_jp"": ""ウェポンケース"", ""item_name_en"": ""Weapon Case"", ""qty"": """", ""attributes"": {}}]",,DEPLOYABLES,,,,2026-04-07T17:59:40,,,
p_1775552455,2650.280212460299,3454.0881346692577,キングスホロウ鉱山（東）,Kings Hollow Mines East,POI,POI,,地形,"[{""cat_id"": ""TERRAIN"", ""category"": ""地形"", ""cat_name_en"": ""Terrain"", ""item_id"": ""CAVE"", ""item_name_jp"": ""洞窟"", ""item_name_en"": ""Cave"", ""qty"": """", ""item_qty"": """", ""attributes"": {}}]",3,POI,,,,2026-04-11T18:48:33,,,icon_only
p_1775552510,2606.894178353837,3460.1528491142467,爆発物ボックス,Explosive Box,DEPLOYABLES,,,武器コンテナ,"[{""cat_id"": ""LOOT_CONTAINER"", ""category"": ""武器コンテナ"", ""cat_name_en"": ""Weapon Container"", ""item_id"": ""EXPLOSIVE_BOX"", ""item_name_jp"": ""爆発物ボックス"", ""item_name_en"": ""Explosive Box"", ""qty"": """", ""attributes"": {}}]",,DEPLOYABLES,,,,2026-04-07T18:01:50,,,
p_1775552554,2606.894178353837,3474.6148604830673,N870,N870,DEPLOYABLES,,,武器,"[{""cat_id"": ""WEAPON"", ""category"": ""武器"", ""cat_name_en"": ""Weapon"", ""item_id"": ""N870"", ""item_name_jp"": ""N870"", ""item_name_en"": ""N870"", ""qty"": ""1"", ""attributes"": {}}]",,DEPLOYABLES,,,,2026-04-07T18:03:40,,,
p_1775552646,2538.7827699716504,3261.8833384126756,デッドエンド・モーテル,Dead Ends Motel,POI,POI,,建物,"[{""cat_id"": ""BUILDING"", ""category"": ""建物"", ""cat_name_en"": ""Building"", ""item_id"": ""STORE"", ""item_name_jp"": ""商店"", ""item_name_en"": ""Store"", ""qty"": """", ""item_qty"": ""1"", ""attributes"": {}}]",3,POI,,,Dead Ends Motel,2026-04-11T21:53:04,,,
p_1775552683,2514.9904286874616,3264.2159208915173,ウェポンケース,Weapon Case,DEPLOYABLES,,,武器コンテナ,"[{""cat_id"": ""LOOT_CONTAINER"", ""category"": ""武器コンテナ"", ""cat_name_en"": ""Weapon Container"", ""item_id"": ""WEAPON_CASE"", ""item_name_jp"": ""ウェポンケース"", ""item_name_en"": ""Weapon Case"", ""qty"": """", ""attributes"": {}}]",,DEPLOYABLES,,,,2026-04-07T18:04:43,,,
p_1775553133,2526.653341081672,3246.9548105480867,大麻,Cannabis,DEPLOYABLES,,,その他のアイテム,"[{""cat_id"": ""MISC"", ""category"": ""その他のアイテム"", ""cat_name_en"": ""Misc"", ""item_id"": ""CANNABIS"", ""item_name_jp"": ""大麻"", ""item_name_en"": ""Cannabis"", ""qty"": ""1"", ""item_qty"": ""1"", ""attributes"": {}}]",,DEPLOYABLES,,,,2026-04-07T18:13:22,,,
p_1775606776,2826.092000833253,2851.9460335134963,ダニモーラ・コミュニティセンター兼裁判所,Dannemora Community ＆Curt Center,POI,POI,,建物,"[{""cat_id"": ""BUILDING"", ""category"": ""建物"", ""cat_name_en"": ""Building"", ""item_id"": ""PUBLIC_BUILDING"", ""item_name_jp"": ""公共施設"", ""item_name_en"": ""Public Building"", ""qty"": """", ""item_qty"": ""1"", ""attributes"": {}}]",3,POI,,,,2026-04-11T21:55:16,,,icon_only
p_1775609496,2843.328022620082,2842.096878206737,スキルブック,Skill Book,DEPLOYABLES,,,スキルブック,"[{""cat_id"": ""SKILL_BOOK"", ""category"": ""スキルブック"", ""cat_name_en"": ""Skill Book"", ""item_id"": """", ""item_name_jp"": """", ""item_name_en"": """", ""qty"": ""1"", ""attributes"": {}}]",,DEPLOYABLES,,,,2026-04-08T09:51:36,,,
p_1775609568,2763.6437209320206,2766.9093364023997,聖ペテロ墓地,St. Peters Cemetary,POI,POI,,,,3,POI,,,,2026-04-11T21:54:07,,,icon_only
p_1775609598,2770.2664572906797,2763.8358165154623,軍用クレート,Military Crate,DEPLOYABLES,,,武器コンテナ,"[{""cat_id"": ""LOOT_CONTAINER"", ""category"": ""武器コンテナ"", ""cat_name_en"": ""Weapon Container"", ""item_id"": ""MILITARY_CRRATE"", ""item_name_jp"": ""軍用クレート"", ""item_name_en"": ""Military Crate"", ""qty"": """", ""attributes"": {}}]",,DEPLOYABLES,,,,2026-04-08T09:53:18,,,
p_1775609692,2751.514292042042,2725.85588477478,聖ペテロの祈りの家,St. Peter's House Prayer,POI,POI,,建物,"[{""cat_id"": ""BUILDING"", ""category"": ""建物"", ""cat_name_en"": ""Building"", ""item_id"": ""CHURCH"", ""item_name_jp"": ""教会"", ""item_name_en"": ""Church"", ""qty"": """", ""item_qty"": ""1"", ""attributes"": {}}]",3,POI,,,,2026-04-11T22:00:41,,,
p_1775610683,2698.725578666384,2634.4191709142065,ブラン薬局,Bran's Pharmacy,POI,POI,,建物,"[{""cat_id"": ""BUILDING"", ""category"": ""建物"", ""cat_name_en"": ""Building"", ""item_id"": ""STORE"", ""item_name_jp"": ""商店"", ""item_name_en"": ""Store"", ""qty"": """", ""item_qty"": """", ""attributes"": {}}]",3,POI,,,,2026-04-10T15:26:26,,,
p_1775610758,2595.8353262629,2641.9215851519602,デイビッド・オートパーツ,David's Auto Parts,POI,POI,,建物,"[{""cat_id"": ""BUILDING"", ""category"": ""建物"", ""cat_name_en"": ""Building"", ""item_id"": ""STORE"", ""item_name_jp"": ""商店"", ""item_name_en"": ""Store"", ""qty"": """", ""item_qty"": """", ""attributes"": {}}]",3,POI,,,,2026-04-11T18:39:04,,,
p_1775610781,2857.4861833735486,2558.9336631374067,最上位ツール,High-End Tools,DEPLOYABLES,Deployables,,ツールコンテナ,"[{""cat_id"": ""TOOL_CONTAINER"", ""category"": ""ツールコンテナ"", ""cat_name_en"": ""Tool Container"", ""item_id"": ""STEEL_TOOL_SHELF"", ""item_name_jp"": ""スチール製ツールシェルフ"", ""item_name_en"": ""Steel Tool Shelf"", ""qty"": """", ""item_qty"": """", ""attributes"": {}}]",3,DEPLOYABLES,,,,2026-04-12T11:27:29,,,
p_1775610858,2404.732825365955,2542.3132135572487,レイクサイド・ガンショップ＆射撃場,Lake Side Gun Shop & Range,POI,POI,,建物,"[{""cat_id"": ""BUILDING"", ""category"": ""建物"", ""cat_name_en"": ""Building"", ""item_id"": ""STORE"", ""item_name_jp"": ""商店"", ""item_name_en"": ""Store"", ""qty"": """", ""item_qty"": ""1"", ""attributes"": {}}]",3,POI,,,,2026-04-11T22:01:11,,,
p_1775610890,2423.2797987945582,2541.1748796735505,ウェポンケース,Weapon Case,DEPLOYABLES,,,武器コンテナ,"[{""cat_id"": ""LOOT_CONTAINER"", ""category"": ""武器コンテナ"", ""cat_name_en"": ""Weapon Container"", ""item_id"": ""WEAPON_CASE"", ""item_name_jp"": ""ウェポンケース"", ""item_name_en"": ""Weapon Case"", ""qty"": """", ""attributes"": {}}]",,DEPLOYABLES,,,,2026-04-08T10:14:50,,,
p_1775611232,2423.5077776694648,2558.9336631374053,N870,N870,DEPLOYABLES,Deployables,,武器,"[{""cat_id"": ""WEAPON"", ""category"": ""武器"", ""cat_name_en"": ""Weapon"", ""item_id"": ""N870"", ""item_name_jp"": ""N870"", ""item_name_en"": ""N870"", ""qty"": ""4"", ""attributes"": {}}, {""cat_id"": ""WEAPON"", ""category"": ""武器"", ""cat_name_en"": ""Weapon"", ""item_id"": ""MOSINNAGANT"", ""item_name_jp"": ""モシンナガン"", ""item_name_en"": ""Mosin-Nagant"", ""qty"": ""4"", ""attributes"": {}}, {""cat_id"": ""WEAPON"", ""category"": ""武器"", ""cat_name_en"": ""Weapon"", ""item_id"": ""MP5"", ""item_name_jp"": ""MP5"", ""item_name_en"": ""MP5"", ""qty"": ""1"", ""attributes"": {}}, {""cat_id"": ""WEAPON"", ""category"": ""武器"", ""cat_name_en"": ""Weapon"", ""item_id"": ""N4"", ""item_name_jp"": ""N4"", ""item_name_en"": ""N4"", ""qty"": ""1"", ""attributes"": {}}, {""cat_id"": ""WEAPON"", ""category"": ""武器"", ""cat_name_en"": ""Weapon"", ""item_id"": ""DOUBLE_BARREL_SHOTGUN"", ""item_name_jp"": ""ダブルバレルショットガン"", ""item_name_en"": ""Double Barrel Shotgun"", ""qty"": ""1"", ""attributes"": {}}, {""cat_id"": ""WEAPON"", ""category"": ""武器"", ""cat_name_en"": ""Weapon"", ""item_id"": ""N1903"", ""item_name_jp"": ""N1903"", ""item_name_en"": ""N1903"", ""qty"": ""1"", ""attributes"": {}}]",3,DEPLOYABLES,,,,2026-04-12T19:25:02,,,
p_1775611310,2303.7789834716714,2421.353274946111,チャジー湖のビーチ,Chazy Lake Beach,POI,POI,,建物,"[{""cat_id"": ""BUILDING"", ""category"": ""建物"", ""cat_name_en"": ""Building"", ""item_id"": ""CABIN"", ""item_name_jp"": ""小屋"", ""item_name_en"": ""Cabin"", ""qty"": """", ""item_qty"": ""1"", ""attributes"": {}}]",3,POI,,,,2026-04-11T21:55:55,,,
p_1775611331,2319.7838608451557,2430.2790719428617,ソーラーパネル,Solar Panel,DEPLOYABLES,,,発電機,"[{""cat_id"": ""POWER_GENERATOR"", ""category"": ""発電機"", ""cat_name_en"": ""Power Generator"", ""item_id"": ""SOLAR_PANEL"", ""item_name_jp"": ""ソーラーパネル"", ""item_name_en"": ""Solar Panel"", ""qty"": ""1"", ""item_qty"": ""1"", ""attributes"": {}}]",,DEPLOYABLES,,,,2026-04-08T10:22:17,,,
p_1775611351,2248.0696987678143,2559.5492353440777,アディロンダックガーディアン号の残骸,Adirondack Guardian Shipwreck,POI,POI,,場所・エリア・スポット,"[{""cat_id"": ""SITE"", ""category"": ""場所・エリア・スポット"", ""cat_name_en"": ""Site"", ""item_id"": ""SHIPWRECK"", ""item_name_jp"": ""沈没船"", ""item_name_en"": ""Shipwreck"", ""qty"": """", ""item_qty"": """", ""attributes"": {}}]",3,POI,,,,2026-04-11T22:02:01,,,
p_1775611363,2203.1329276807246,2650.3461358282652,セーヌ洞窟,Seine Cave,POI,POI,,地形,"[{""cat_id"": ""TERRAIN"", ""category"": ""地形"", ""cat_name_en"": ""Terrain"", ""item_id"": ""CAVE"", ""item_name_jp"": ""洞窟"", ""item_name_en"": ""Cave"", ""qty"": """", ""item_qty"": """", ""attributes"": {}}]",3,POI,,,,2026-04-11T21:56:32,,,
p_1775611383,2167.4297396937222,2899.6528795306103,SSセネカ号の残骸,SS Seneca Shipwreck,POI,POI,,場所・エリア・スポット,"[{""cat_id"": ""SITE"", ""category"": ""場所・エリア・スポット"", ""cat_name_en"": ""Site"", ""item_id"": ""SHIPWRECK"", ""item_name_jp"": ""沈没船"", ""item_name_en"": ""Shipwreck"", ""qty"": """", ""item_qty"": """", ""attributes"": {}}]",3,POI,,,,2026-04-11T21:56:49,,,
p_1775611441,1867.465532560918,2376.9015459400143,浸水した採石場,Flooded Quarry,POI,POI,,,,3,POI,,,,2026-04-11T22:04:45,,,
p_1775611472,1747.5266306654246,2568.5051029682245,,,DEPLOYABLES,Deployables,,武器コンテナ,"[{""cat_id"": ""LOOT_CONTAINER"", ""category"": ""武器コンテナ"", ""cat_name_en"": ""Weapon Container"", ""item_id"": ""DUFFLE_BAG"", ""item_name_jp"": ""ダッフルバッグ"", ""item_name_en"": ""Duffle Bag"", ""qty"": ""1"", ""attributes"": {""special_rule_enabled_1"": false, ""special_rule_enabled_2"": false, ""special_rule_enabled_3"": false}}]",3,DEPLOYABLES,,,,2026-04-13T19:19:14,,,
p_1775713363,999.6892636360712,2981.831769121385,サンセットリゾート,Sunset Resort,POI,POI,,建物,"[{""cat_id"": ""BUILDING"", ""category"": ""建物"", ""cat_name_en"": ""Building"", ""item_id"": ""CABIN"", ""item_name_jp"": ""小屋"", ""item_name_en"": ""Cabin"", ""qty"": """", ""item_qty"": """", ""attributes"": {}}]",3,POI,,,,2026-04-10T10:08:48,,,
p_1775722023,1769.9635849453218,2674.0725537444873,ベルモント鉱山,Belmont Mine,POI,POI,,地形,"[{""cat_id"": ""TERRAIN"", ""category"": ""地形"", ""cat_name_en"": ""Terrain"", ""item_id"": ""CAVE"", ""item_name_jp"": ""洞窟"", ""item_name_en"": ""Cave"", ""qty"": """", ""item_qty"": """", ""attributes"": {}}]",3,POI,,,,2026-04-11T17:54:56,,,
p_1775722176,1882.3940604255072,2360.106952092352,,,DEPLOYABLES,Deployables,,武器コンテナ,"[{""cat_id"": ""LOOT_CONTAINER"", ""category"": ""武器コンテナ"", ""cat_name_en"": ""Weapon Container"", ""item_id"": ""WEAPON_CASE"", ""item_name_jp"": ""ウェポンケース"", ""item_name_en"": ""Weapon Case"", ""qty"": ""1"", ""attributes"": {""special_rule_enabled_1"": true, ""special_rule_enabled_2"": false, ""special_rule_enabled_3"": false}}, {""cat_id"": ""LOOT_CONTAINER"", ""category"": ""武器コンテナ"", ""cat_name_en"": ""Weapon Container"", ""item_id"": ""EXPLOSIVE_BOX"", ""item_name_jp"": ""爆発物ボックス"", ""item_name_en"": ""Explosive Box"", ""qty"": ""1"", ""attributes"": {""special_rule_enabled_1"": true, ""special_rule_enabled_2"": false, ""special_rule_enabled_3"": false}}, {""cat_id"": ""LOOT_CONTAINER"", ""category"": ""武器コンテナ"", ""cat_name_en"": ""Weapon Container"", ""item_id"": ""DUFFLE_BAG"", ""item_name_jp"": ""ダッフルバッグ"", ""item_name_en"": ""Duffle Bag"", ""qty"": ""2"", ""attributes"": {""special_rule_enabled_1"": true, ""special_rule_enabled_2"": false, ""special_rule_enabled_3"": false}}]",3,DEPLOYABLES,,,,2026-04-13T19:19:06,,,
p_1775722234,1787.621688176817,2816.242845526494,WPLT-TV測候所,WPLT-TV Weather Station,POI,POI,,建物,"[{""cat_id"": ""BUILDING"", ""category"": ""建物"", ""cat_name_en"": ""Building"", ""item_id"": ""PUBLIC_BUILDING"", ""item_name_jp"": ""公共施設"", ""item_name_en"": ""Public Building"", ""qty"": """", ""item_qty"": """", ""attributes"": {}}]",3,POI,,,,2026-04-10T14:31:06,,,
p_1775783409,1141.886443377409,2914.734398594087,サンセット池,Sunset Pond,POI,POI,,地形,"[{""cat_id"": ""TERRAIN"", ""category"": ""地形"", ""cat_name_en"": ""Terrain"", ""item_id"": ""POND"", ""item_name_jp"": ""池"", ""item_name_en"": ""Pond"", ""qty"": """", ""item_qty"": """", ""attributes"": {}}]",3,POI,,,,2026-04-11T17:46:02,,,
p_1775783686,1336.5015077827566,2807.510585113818,リヨンマウンテン野球場,Lyon Mtn. Baseball Field,POI,POI,,,,3,POI,,,,2026-04-11T17:19:50,,,
p_1775783752,1296.8338366961266,2941.9177631266275,A7排水処理施設,Wastewater Plant A7,POI,POI,,建物,"[{""cat_id"": ""BUILDING"", ""category"": ""建物"", ""cat_name_en"": ""Building"", ""item_id"": """", ""item_name_jp"": """", ""item_name_en"": """", ""qty"": """", ""attributes"": {}}]",3,POI,,,,2026-04-11T17:46:48,,,
p_1775783780,1457.700629416066,2819.2347365907617,アンビルガス,Anvil Gas,POI,POI,,建物,"[{""cat_id"": ""BUILDING"", ""category"": ""建物"", ""cat_name_en"": ""Building"", ""item_id"": ""STORE"", ""item_name_jp"": ""商店"", ""item_name_en"": ""Store"", ""qty"": """", ""item_qty"": """", ""attributes"": {}}]",3,POI,,,,2026-04-11T17:20:28,,,
p_1775783903,1498.3592693342925,2823.477377277881,リヨンマウンテン郵便局,Lyon Mtn. Post Office,POI,POI,,建物,"[{""cat_id"": ""BUILDING"", ""category"": ""建物"", ""cat_name_en"": ""Building"", ""item_id"": ""PUBLIC_BUILDING"", ""item_name_jp"": ""公共施設"", ""item_name_en"": ""Public Building"", ""qty"": """", ""item_qty"": """", ""attributes"": {}}]",3,POI,,,,2026-04-11T17:31:27,,,
p_1775783956,1345.6242045979984,3008.385800558163,リヨンマウンテン博物館,Lyon Mtn. Museum,POI,POI,,建物,"[{""cat_id"": ""BUILDING"", ""category"": ""建物"", ""cat_name_en"": ""Building"", ""item_id"": ""PUBLIC_BUILDING"", ""item_name_jp"": ""公共施設"", ""item_name_en"": ""Public Building"", ""qty"": """", ""item_qty"": """", ""attributes"": {}}]",3,POI,,,,2026-04-11T17:47:44,,,
p_1775784026,1262.8601540450675,2994.5693863373804,ジョンの整備工場,Josh's Small Engine Repair,POI,POI,,建物,"[{""cat_id"": ""BUILDING"", ""category"": ""建物"", ""cat_name_en"": ""Building"", ""item_id"": ""STORAGE"", ""item_name_jp"": ""倉庫"", ""item_name_en"": ""Storage"", ""qty"": """", ""item_qty"": """", ""attributes"": {}}]",3,POI,,,,2026-04-11T17:47:27,,,
p_1775784119,1255.4680899967136,3184.808942464206,フィリップスパーク,Phillips Park,POI,POI,,場所・エリア・スポット,"[{""cat_id"": ""SITE"", ""category"": ""場所・エリア・スポット"", ""cat_name_en"": ""Site"", ""item_id"": ""PARK"", ""item_name_jp"": ""公園"", ""item_name_en"": ""Park"", ""qty"": """", ""item_qty"": """", ""attributes"": {}}]",3,POI,,,,2026-04-11T17:48:22,,,
p_1775784204,1289.409215493668,3388.4556954459317,公共水源,Public Water Spring,POI,POI,,場所・エリア・スポット,"[{""cat_id"": ""SITE"", ""category"": ""場所・エリア・スポット"", ""cat_name_en"": ""Site"", ""item_id"": ""PARK"", ""item_name_jp"": ""公園"", ""item_name_en"": ""Park"", ""qty"": """", ""item_qty"": """", ""attributes"": {}}]",3,POI,,,,2026-04-11T17:49:49,,,
p_1775784260,1378.1511165325794,3469.772975282385,リック建設,Rick's Construction,POI,POI,,建物,"[{""cat_id"": ""BUILDING"", ""category"": ""建物"", ""cat_name_en"": ""Building"", ""item_id"": ""STORAGE"", ""item_name_jp"": ""倉庫"", ""item_name_en"": ""Storage"", ""qty"": """", ""item_qty"": """", ""attributes"": {}}]",3,POI,,,,2026-04-11T17:50:27,,,
p_1775784542,1529.1184143159073,3314.2094834213444,ダウ池監視所,Dow Pond Lookout,POI,POI,,建物,"[{""cat_id"": ""BUILDING"", ""category"": ""建物"", ""cat_name_en"": ""Building"", ""item_id"": ""LOOKOUT"", ""item_name_jp"": ""監視塔"", ""item_name_en"": ""Lookout"", ""qty"": """", ""item_qty"": """", ""attributes"": {}}]",3,POI,,,,2026-04-11T17:59:54,,,
p_1775798275,1573.6661415306596,3242.7916985215033,チャジー高原コテージ,Chazy Highlands Cabins,POI,POI,,建物,"[{""cat_id"": ""BUILDING"", ""category"": ""建物"", ""cat_name_en"": ""Building"", ""item_id"": ""CABIN"", ""item_name_jp"": ""小屋"", ""item_name_en"": ""Cabin"", ""qty"": """", ""item_qty"": """", ""attributes"": {}}]",3,POI,,,,2026-04-11T18:09:51,,,
p_1775798314,1533.7146083936198,3403.3049378508495,グリーンキャニオン鉱山,Green Canyon Mine,POI,POI,,地形,"[{""cat_id"": ""TERRAIN"", ""category"": ""地形"", ""cat_name_en"": ""Terrain"", ""item_id"": ""CAVE"", ""item_name_jp"": ""洞窟"", ""item_name_en"": ""Cave"", ""qty"": """", ""item_qty"": """", ""attributes"": {}}]",3,POI,,,,2026-04-11T18:00:13,,,
p_1775798409,1582.8904701421923,2898.000471713321,3-9LM送電線点検所,Power Line Service Shed 3-9LM,POI,POI,,建物,"[{""cat_id"": ""BUILDING"", ""category"": ""建物"", ""cat_name_en"": ""Building"", ""item_id"": ""STORAGE"", ""item_name_jp"": ""倉庫"", ""item_name_en"": ""Storage"", ""qty"": """", ""item_qty"": """", ""attributes"": {}}]",3,POI,,,,2026-04-11T17:55:58,,,
p_1775798444,1688.3231981858514,2806.0967220469456,スミスキル鉱山,Smithkill Mine,POI,POI,,地形,"[{""cat_id"": ""TERRAIN"", ""category"": ""地形"", ""cat_name_en"": ""Terrain"", ""item_id"": ""CAVE"", ""item_name_jp"": ""洞窟"", ""item_name_en"": ""Cave"", ""qty"": """", ""item_qty"": """", ""attributes"": {}}]",3,POI,,,,2026-04-11T17:53:00,,,
p_1775798656,1808.6844540940995,2669.4073887868035,リヨンマウンテン監視所,Lyon Mountain Lookout,POI,POI,,建物,"[{""cat_id"": ""BUILDING"", ""category"": ""建物"", ""cat_name_en"": ""Building"", ""item_id"": ""LOOKOUT"", ""item_name_jp"": ""監視塔"", ""item_name_en"": ""Lookout"", ""qty"": """", ""item_qty"": """", ""attributes"": {}}]",3,POI,,,,2026-04-11T17:55:14,,,
p_1775798698,1870.731148031297,2595.2312659596273,リヨンマウンテン山頂,Lyon Mountain Peak,POI,POI,,,,3,POI,,,,2026-04-11T18:19:06,,,
p_1775798751,1888.4587748704962,2548.5796163827868,無名の鉱山（北）,Unnamed Mine North,POI,POI,,地形,"[{""cat_id"": ""TERRAIN"", ""category"": ""地形"", ""cat_name_en"": ""Terrain"", ""item_id"": ""CAVE"", ""item_name_jp"": ""洞窟"", ""item_name_en"": ""Cave"", ""qty"": """", ""item_qty"": """", ""attributes"": {}}]",3,POI,,,,2026-04-11T18:18:50,,,
p_1775798786,1936.0434574388735,2554.1778143320075,無名の鉱山（南）,Unnamed Mines South,POI,POI,,地形,"[{""cat_id"": ""TERRAIN"", ""category"": ""地形"", ""cat_name_en"": ""Terrain"", ""item_id"": ""CAVE"", ""item_name_jp"": ""洞窟"", ""item_name_en"": ""Cave"", ""qty"": """", ""item_qty"": """", ""attributes"": {}}]",3,POI,,,,2026-04-11T18:18:39,,,
p_1775798829,1679.4593847662516,2419.8210635507075,セーヌ山監視所,Seine Mountain Lookout,POI,POI,,建物,"[{""cat_id"": ""BUILDING"", ""category"": ""建物"", ""cat_name_en"": ""Building"", ""item_id"": ""LOOKOUT"", ""item_name_jp"": ""監視塔"", ""item_name_en"": ""Lookout"", ""qty"": """", ""item_qty"": """", ""attributes"": {}}]",3,POI,,,,2026-04-11T17:52:29,,,
p_1775798897,2083.9291865974574,2275.667466358271,ダニモーラ・タウンガレージ,Dannemora Town Garage,POI,POI,,建物,"[{""cat_id"": ""BUILDING"", ""category"": ""建物"", ""cat_name_en"": ""Building"", ""item_id"": ""STORAGE"", ""item_name_jp"": ""倉庫"", ""item_name_en"": ""Storage"", ""qty"": """", ""item_qty"": """", ""attributes"": {}}]",3,POI,,,,2026-04-11T18:18:15,,,
p_1775798942,2170.7012548103803,2473.470460564074,チャジー湖ボート乗り場,Chazy Lake Boat Launch,POI,POI,,場所・エリア・スポット,"[{""cat_id"": ""SITE"", ""category"": ""場所・エリア・スポット"", ""cat_name_en"": ""Site"", ""item_id"": ""PARK"", ""item_name_jp"": ""公園"", ""item_name_en"": ""Park"", ""qty"": """", ""item_qty"": """", ""attributes"": {}}]",3,POI,,,,2026-04-11T18:17:55,,,
p_1775798991,2047.5408999275219,2811.228403500398,テイラー不動産,Taylor Realty Main Office,POI,POI,,建物,"[{""cat_id"": ""BUILDING"", ""category"": ""建物"", ""cat_name_en"": ""Building"", ""item_id"": ""STORE"", ""item_name_jp"": ""商店"", ""item_name_en"": ""Store"", ""qty"": """", ""item_qty"": """", ""attributes"": {}}]",3,POI,,,,2026-04-11T18:17:24,,,
p_1775799023,2011.6191297533549,2892.4022737641003,サマーヘイブン・トレーラーパーク,Summer Haven Mobile Homes,POI,POI,,建物,"[{""cat_id"": ""BUILDING"", ""category"": ""建物"", ""cat_name_en"": ""Building"", ""item_id"": ""CABIN"", ""item_name_jp"": ""小屋"", ""item_name_en"": ""Cabin"", ""qty"": """", ""item_qty"": """", ""attributes"": {}}]",3,POI,,,,2026-04-11T18:16:59,,,
p_1775799231,2014.8847452237335,3013.2300461681166,チャジーレイク監視所,Chazy Lake Lookout,POI,POI,,建物,"[{""cat_id"": ""BUILDING"", ""category"": ""建物"", ""cat_name_en"": ""Building"", ""item_id"": ""LOOKOUT"", ""item_name_jp"": ""監視塔"", ""item_name_en"": ""Lookout"", ""qty"": """", ""item_qty"": """", ""attributes"": {}}]",3,POI,,,,2026-04-11T18:16:37,,,
p_1775799300,1964.500963680746,3300.6042075614528,イブリル鉱山（南）,Averill Mines South,POI,POI,,地形,"[{""cat_id"": ""TERRAIN"", ""category"": ""地形"", ""cat_name_en"": ""Terrain"", ""item_id"": ""CAVE"", ""item_name_jp"": ""洞窟"", ""item_name_en"": ""Cave"", ""qty"": """", ""item_qty"": """", ""attributes"": {}}]",3,POI,,,,2026-04-11T18:14:06,,,
p_1775799371,2018.6168771898808,3197.5040619966358,ドックリンクLLC,Public Building,POI,,,建物,"[{""cat_id"": ""BUILDING"", ""category"": ""建物"", ""cat_name_en"": ""Building"", ""item_id"": ""PUBLIC_BUILDING"", ""item_name_jp"": ""公共施設"", ""item_name_en"": ""Public Building"", ""qty"": """", ""item_qty"": """", ""attributes"": {}}]",3,POI,,,,2026-04-10T14:36:11,,,
p_1775799408,1831.543762386751,3135.9238845552068,7-1CH送電線点検所,Power Line Service Shed 7-1CH,POI,POI,,建物,"[{""cat_id"": ""BUILDING"", ""category"": ""建物"", ""cat_name_en"": ""Building"", ""item_id"": ""CABIN"", ""item_name_jp"": ""小屋"", ""item_name_en"": ""Cabin"", ""qty"": """", ""item_qty"": """", ""attributes"": {}}]",3,POI,,,,2026-04-11T17:58:14,,,
p_1775799438,2020.9494596687227,3400.438737655891,ノアイースタン監視所,Noreastern Lookout,POI,POI,,建物,"[{""cat_id"": ""BUILDING"", ""category"": ""建物"", ""cat_name_en"": ""Building"", ""item_id"": ""LOOKOUT"", ""item_name_jp"": ""監視塔"", ""item_name_en"": ""Lookout"", ""qty"": """", ""item_qty"": """", ""attributes"": {}}]",3,POI,,,,2026-04-11T18:14:35,,,
p_1775799494,1905.2533687181588,3390.641891244755,イブリルリッジ・リゾート,Averill Ridge Resort,POI,POI,,建物,"[{""cat_id"": ""BUILDING"", ""category"": ""建物"", ""cat_name_en"": ""Building"", ""item_id"": ""CABIN"", ""item_name_jp"": ""小屋"", ""item_name_en"": ""Cabin"", ""qty"": """", ""item_qty"": """", ""attributes"": {}}]",3,POI,,,,2026-04-11T18:15:09,,,
p_1775799545,1690.1892641689249,3449.889486207342,ダウ池,Dow Pond,POI,POI,,地形,"[{""cat_id"": ""TERRAIN"", ""category"": ""地形"", ""cat_name_en"": ""Terrain"", ""item_id"": ""LAKE"", ""item_name_jp"": ""湖"", ""item_name_en"": ""Lake"", ""qty"": """", ""item_qty"": """", ""attributes"": {}}]",3,POI,,,,2026-04-11T18:09:33,,,
p_1775799571,1790.4903107591317,3586.1123029717155,バーンズ池,Barnes Pond,POI,POI,,地形,"[{""cat_id"": ""TERRAIN"", ""category"": ""地形"", ""cat_name_en"": ""Terrain"", ""item_id"": ""LAKE"", ""item_name_jp"": ""湖"", ""item_name_en"": ""Lake"", ""qty"": """", ""item_qty"": """", ""attributes"": {}}]",3,POI,,,,2026-04-11T18:09:01,,,
p_1775799608,1713.5150889573451,3539.9271698906437,池わきの小屋,Pond-Side Cabin,POI,POI,,建物,"[{""cat_id"": ""BUILDING"", ""category"": ""建物"", ""cat_name_en"": ""Building"", ""item_id"": ""CABIN"", ""item_name_jp"": ""小屋"", ""item_name_en"": ""Cabin"", ""qty"": """", ""item_qty"": """", ""attributes"": {}}]",3,POI,,,,2026-04-11T18:09:23,,,
p_1775799645,1936.0434574388735,3722.8016362318576,ノーススター団地,Northstar Estates,POI,POI,,建物,"[{""cat_id"": ""BUILDING"", ""category"": ""建物"", ""cat_name_en"": ""Building"", ""item_id"": ""CABIN"", ""item_name_jp"": ""小屋"", ""item_name_en"": ""Cabin"", ""qty"": """", ""item_qty"": """", ""attributes"": {}}]",3,POI,,,,2026-04-11T18:08:25,,,
p_1775799690,1946.3068203457783,3635.096535027398,ヘイスタック洞窟,Haystack Cave,POI,POI,,地形,"[{""cat_id"": ""TERRAIN"", ""category"": ""地形"", ""cat_name_en"": ""Terrain"", ""item_id"": ""CAVE"", ""item_name_jp"": ""洞窟"", ""item_name_en"": ""Cave"", ""qty"": """", ""item_qty"": """", ""attributes"": {}}]",3,POI,,,,2026-04-11T18:08:43,,,
p_1775799737,1998.0901513760712,3852.0267055597055,2-4R送電線点検所,Power Line Service Shed 2-4R,POI,POI,,建物,"[{""cat_id"": ""BUILDING"", ""category"": ""建物"", ""cat_name_en"": ""Building"", ""item_id"": ""CABIN"", ""item_name_jp"": ""小屋"", ""item_name_en"": ""Cabin"", ""qty"": """", ""item_qty"": """", ""attributes"": {}}]",3,POI,,,,2026-04-11T18:08:08,,,
p_1775799779,1965.9005131680512,4075.4881070327706,93.4放送局,93.4 Broadcast Station,POI,POI,,建物,"[{""cat_id"": ""BUILDING"", ""category"": ""建物"", ""cat_name_en"": ""Building"", ""item_id"": ""STORAGE"", ""item_name_jp"": ""倉庫"", ""item_name_en"": ""Storage"", ""qty"": """", ""item_qty"": """", ""attributes"": {}}]",3,POI,,,,2026-04-11T18:06:31,,,
p_1775799804,2048.00741642329,4179.987802084893,バレー動物病院,Valley Veterinary Clinic,POI,POI,,建物,"[{""cat_id"": ""BUILDING"", ""category"": ""建物"", ""cat_name_en"": ""Building"", ""item_id"": ""HOSPITAL"", ""item_name_jp"": ""病院"", ""item_name_en"": ""Hospital"", ""qty"": """", ""item_qty"": """", ""attributes"": {}}]",3,POI,,,,2026-04-11T18:07:37,,,
p_1775799841,1944.907270858473,4263.4942548274375,メープルマート#192,Maple Mart #192,POI,POI,,建物,"[{""cat_id"": ""BUILDING"", ""category"": ""建物"", ""cat_name_en"": ""Building"", ""item_id"": ""STORE"", ""item_name_jp"": ""商店"", ""item_name_en"": ""Store"", ""qty"": """", ""item_qty"": """", ""attributes"": {}}]",3,POI,,,,2026-04-11T18:07:03,,,
p_1775799883,1776.4948158860796,4036.7672378839934,サラナック配電所,Saranac Power Substation D-RF-01,POI,POI,,建物,"[{""cat_id"": ""BUILDING"", ""category"": ""建物"", ""cat_name_en"": ""Building"", ""item_id"": ""STORAGE"", ""item_name_jp"": ""倉庫"", ""item_name_en"": ""Storage"", ""qty"": """", ""item_qty"": """", ""attributes"": {}}]",3,POI,,,,2026-04-11T18:06:04,,,
p_1775799918,1594.0868660406338,3870.6873653904418,マド池,Mud Pond,POI,POI,,地形,"[{""cat_id"": ""TERRAIN"", ""category"": ""地形"", ""cat_name_en"": ""Terrain"", ""item_id"": ""POND"", ""item_name_jp"": ""池"", ""item_name_en"": ""Pond"", ""qty"": """", ""item_qty"": """", ""attributes"": {}}]",3,POI,,,,2026-04-11T18:01:18,,,
p_1775799961,1682.2584837408622,4229.438550636344,KleenNow倉庫,KleenNow Warehouse,POI,POI,,建物,"[{""cat_id"": ""BUILDING"", ""category"": ""建物"", ""cat_name_en"": ""Building"", ""item_id"": ""STORAGE"", ""item_name_jp"": ""倉庫"", ""item_name_en"": ""Storage"", ""qty"": """", ""item_qty"": """", ""attributes"": {}}]",3,POI,,,,2026-04-11T18:04:55,,,
p_1775799996,1687.856681690083,4257.896056878217,聖ヨハネ記念墓地,"St,John's Memorial Cemetery",POI,POI,,,,3,POI,,,,2026-04-11T18:05:27,,,
p_1775800023,1627.2095372401905,4243.900562005164,聖ヨハネ教会,St. John's Holy Church,POI,POI,,建物,"[{""cat_id"": ""BUILDING"", ""category"": ""建物"", ""cat_name_en"": ""Building"", ""item_id"": ""CHURCH"", ""item_name_jp"": ""教会"", ""item_name_en"": ""Church"", ""qty"": """", ""item_qty"": """", ""attributes"": {}}]",3,POI,,,,2026-04-11T18:04:34,,,
p_1775800056,1589.8882175787182,4317.610168336572,ペットサロン ねこのて,Purrfect Paws Pet Grooming,POI,POI,,建物,"[{""cat_id"": ""BUILDING"", ""category"": ""建物"", ""cat_name_en"": ""Building"", ""item_id"": ""STORE"", ""item_name_jp"": ""商店"", ""item_name_en"": ""Store"", ""qty"": """", ""item_qty"": """", ""attributes"": {}}]",3,POI,,,,2026-04-11T18:03:50,,,
p_1775800088,1554.899480396088,4301.7486074804465,レッドフォード消防署,Redford Fire Department,POI,POI,,建物,"[{""cat_id"": ""BUILDING"", ""category"": ""建物"", ""cat_name_en"": ""Building"", ""item_id"": ""PUBLIC_BUILDING"", ""item_name_jp"": ""公共施設"", ""item_name_en"": ""Public Building"", ""qty"": """", ""item_qty"": """", ""attributes"": {}}]",3,POI,,,,2026-04-11T18:04:09,,,
p_1775800152,1647.2697465582319,4468.761512965535,Isaac & Sons Construction Yard,Isaac & Sons Construction Yard,POI,,,建物,"[{""cat_id"": ""BUILDING"", ""category"": ""建物"", ""cat_name_en"": ""Building"", ""item_id"": ""STORAGE"", ""item_name_jp"": ""倉庫"", ""item_name_en"": ""Storage"", ""qty"": """", ""item_qty"": """", ""attributes"": {}}]",3,POI,,,,2026-04-10T14:49:12,,,
p_1775800189,1474.1921266281543,4420.243797405621,レッドフォード郵便局,Redford Post Office,POI,POI,,建物,"[{""cat_id"": ""BUILDING"", ""category"": ""建物"", ""cat_name_en"": ""Building"", ""item_id"": ""PUBLIC_BUILDING"", ""item_name_jp"": ""公共施設"", ""item_name_en"": ""Public Building"", ""qty"": """", ""item_qty"": """", ""attributes"": {}}]",3,POI,,,,2026-04-11T18:02:58,,,
p_1775800229,1358.4960356775903,4378.257312786464,マーティーのベイト＆タックル,Marty's Bait & Tackle,POI,POI,,建物,"[{""cat_id"": ""BUILDING"", ""category"": ""建物"", ""cat_name_en"": ""Building"", ""item_id"": ""STORE"", ""item_name_jp"": ""商店"", ""item_name_en"": ""Store"", ""qty"": """", ""item_qty"": """", ""attributes"": {}}]",3,POI,,,,2026-04-11T18:02:16,,,
p_1775800259,1231.6035488285845,4278.889299187795,シャンプレーン農場,Champlain Farm,POI,POI,,建物,"[{""cat_id"": ""BUILDING"", ""category"": ""建物"", ""cat_name_en"": ""Building"", ""item_id"": ""FARM"", ""item_name_jp"": ""農場・牧場"", ""item_name_en"": ""Farm"", ""qty"": """", ""item_qty"": """", ""attributes"": {}}]",3,POI,,,,2026-04-11T18:01:49,,,
p_1775800347,1246.5320766931734,4465.962413990924,Issac & Sons Main Office,Isaac & Sons Main Office,POI,POI,,,,3,POI,,,,2026-04-11T18:02:40,,,
p_1775800396,1447.1341698735869,3743.794878541436,スタンディッシュ・アイスクリームスタンド,Standish Ice Cream Stand,POI,POI,,建物,"[{""cat_id"": ""BUILDING"", ""category"": ""建物"", ""cat_name_en"": ""Building"", ""item_id"": ""STORE"", ""item_name_jp"": ""商店"", ""item_name_en"": ""Store"", ""qty"": """", ""item_qty"": """", ""attributes"": {}}]",3,POI,,,,2026-04-11T18:01:05,,,
p_1775800430,1424.3869317107333,3606.5177014346255,スタンディッシュ,Standish,POI,POI,,建物,"[{""cat_id"": ""BUILDING"", ""category"": ""建物"", ""cat_name_en"": ""Building"", ""item_id"": ""CABIN"", ""item_name_jp"": ""小屋"", ""item_name_en"": ""Cabin"", ""qty"": """", ""item_qty"": """", ""attributes"": {}}]",3,POI,,,,2026-04-11T18:00:44,,,
p_1775800466,1120.106106339936,3473.6818274915304,アイアンオール・リゾート,Iron Ore Resort,POI,POI,,建物,"[{""cat_id"": ""BUILDING"", ""category"": ""建物"", ""cat_name_en"": ""Building"", ""item_id"": ""CABIN"", ""item_name_jp"": ""小屋"", ""item_name_en"": ""Cabin"", ""qty"": """", ""item_qty"": """", ""attributes"": {}}]",3,POI,,,,2026-04-11T17:49:32,,,
p_1775800509,1114.0413918949469,3281.943547730717,パーソンズノブ・キャンプ場,Parsons Knob Campgrounds,POI,POI,,場所・エリア・スポット,"[{""cat_id"": ""SITE"", ""category"": ""場所・エリア・スポット"", ""cat_name_en"": ""Site"", ""item_id"": ""PARK"", ""item_name_jp"": ""公園"", ""item_name_en"": ""Park"", ""qty"": """", ""item_qty"": """", ""attributes"": {}}]",3,POI,,,,2026-04-11T17:49:12,,,
p_1775800569,1115.9074578780205,3121.9283896821544,バーチヒル・ゴーカートレース,Birch Hill Go-Kart Raceway,POI,POI,,場所・エリア・スポット,"[{""cat_id"": ""SITE"", ""category"": ""場所・エリア・スポット"", ""cat_name_en"": ""Site"", ""item_id"": ""PARK"", ""item_name_jp"": ""公園"", ""item_name_en"": ""Park"", ""qty"": """", ""item_qty"": """", ""attributes"": {}}]",3,POI,,,,2026-04-11T17:48:46,,,
p_1775800660,2204.7569590014737,4148.264680372642,アメリカンレギオンポスト＃0607,American Legion post #0607,POI,POI,,建物,"[{""cat_id"": ""BUILDING"", ""category"": ""建物"", ""cat_name_en"": ""Building"", ""item_id"": ""PUBLIC_BUILDING"", ""item_name_jp"": ""公共施設"", ""item_name_en"": ""Public Building"", ""qty"": """", ""item_qty"": """", ""attributes"": {}}]",3,POI,,,,2026-04-11T18:10:54,,,
p_1775800693,2333.515511833553,3923.8702459080396,バーバー伐採キャンプ,Barber Logging Camp,POI,POI,,建物,"[{""cat_id"": ""BUILDING"", ""category"": ""建物"", ""cat_name_en"": ""Building"", ""item_id"": ""STORAGE"", ""item_name_jp"": ""倉庫"", ""item_name_en"": ""Storage"", ""qty"": """", ""item_qty"": """", ""attributes"": {}}]",3,POI,,,,2026-04-11T18:11:16,,,
p_1775800767,2510.325263729778,3993.8477202733,サラナック裁判所,Saranac Courthhouse,POI,POI,,建物,"[{""cat_id"": ""BUILDING"", ""category"": ""建物"", ""cat_name_en"": ""Building"", ""item_id"": ""PUBLIC_BUILDING"", ""item_name_jp"": ""公共施設"", ""item_name_en"": ""Public Building"", ""qty"": """", ""item_qty"": """", ""attributes"": {}}]",3,POI,,,,2026-04-11T18:22:51,,,
p_1775800831,2556.8981207705547,4027.6802256385727,トニー・ガンク中古車店,Tony Gunque Used Cars,POI,POI,,建物,"[{""cat_id"": ""BUILDING"", ""category"": ""建物"", ""cat_name_en"": ""Building"", ""item_id"": ""STORE"", ""item_name_jp"": ""商店"", ""item_name_en"": ""Store"", ""qty"": """", ""item_qty"": """", ""attributes"": {}}]",3,POI,,,,2026-04-11T18:22:20,,,
p_1775800902,2660.0770588714354,4225.239902174428,廃墓地,Abandoned Grave Site,POI,POI,,,,3,POI,,,,2026-04-11T18:21:47,,,
p_1775800932,2628.3539371591837,3931.3345098403342,サラナックサンライズ・メソジスト教会,Saranac Sunrise Methodist Church,POI,POI,,建物,"[{""cat_id"": ""BUILDING"", ""category"": ""建物"", ""cat_name_en"": ""Building"", ""item_id"": ""CHURCH"", ""item_name_jp"": ""教会"", ""item_name_en"": ""Church"", ""qty"": """", ""item_qty"": """", ""attributes"": {}}]",3,POI,,,,2026-04-11T18:23:38,,,
p_1775800990,2611.5593433115214,3629.498337078177,医療用品倉庫,Medical Supply Depo,POI,POI,,建物,"[{""cat_id"": ""BUILDING"", ""category"": ""建物"", ""cat_name_en"": ""Building"", ""item_id"": ""STORAGE"", ""item_name_jp"": ""倉庫"", ""item_name_en"": ""Storage"", ""qty"": """", ""item_qty"": """", ""attributes"": {}}]",3,POI,,,,2026-04-11T18:50:06,,,
p_1775801053,2730.5210497324642,3931.3345098403342,ハイヌーンプラザ,High Noon Plaza,POI,POI,,建物,"[{""cat_id"": ""BUILDING"", ""category"": ""建物"", ""cat_name_en"": ""Building"", ""item_id"": ""STORE"", ""item_name_jp"": ""商店"", ""item_name_en"": ""Store"", ""qty"": """", ""item_qty"": """", ""attributes"": {}}]",3,POI,,,,2026-04-11T18:24:18,,,
p_1775801075,2765.043270419326,3866.0222004327575,サラナックヘイブン墓地,Saranac Haven Cemetery,POI,POI,,,,3,POI,,,,2026-04-11T18:24:38,,,
p_1775801171,2864.411284017996,3790.446528118276,グリーンバレー・マーケティング,Green Valley Market,POI,POI,,建物,"[{""cat_id"": ""BUILDING"", ""category"": ""建物"", ""cat_name_en"": ""Building"", ""item_id"": ""STORE"", ""item_name_jp"": ""商店"", ""item_name_en"": ""Store"", ""qty"": """", ""item_qty"": """", ""attributes"": {}}]",3,POI,,,,2026-04-11T18:25:19,,,
p_1775801214,2895.2013727387107,3699.9423279392063,ガノン高齢者住宅,Ganong Centennial House,POI,POI,,建物,"[{""cat_id"": ""BUILDING"", ""category"": ""建物"", ""cat_name_en"": ""Building"", ""item_id"": ""CABIN"", ""item_name_jp"": ""小屋"", ""item_name_en"": ""Cabin"", ""qty"": """", ""item_qty"": """", ""attributes"": {}}]",3,POI,,,,2026-04-11T18:26:49,,,
p_1775801253,2919.926747014436,3958.85898309067,ボウエンヒル水力発電ダム（WIP）,Bowen Hill Hydroelectric Dam (WIP),POI,POI,,,,3,POI,,,,2026-04-11T22:04:24,,,
p_1775801356,2999.2345512950646,3714.870855803795,D-S-02サラナック配電所,Saranac Power Substation D-S-02,POI,POI,,建物,"[{""cat_id"": ""BUILDING"", ""category"": ""建物"", ""cat_name_en"": ""Building"", ""item_id"": ""CABIN"", ""item_name_jp"": ""小屋"", ""item_name_en"": ""Cabin"", ""qty"": """", ""item_qty"": """", ""attributes"": {}}]",3,POI,,,,2026-04-11T18:28:15,,,
p_1775801381,3046.352717367673,3726.533768198005,サラナック消防署,Saranac Fire Department,POI,POI,,建物,"[{""cat_id"": ""BUILDING"", ""category"": ""建物"", ""cat_name_en"": ""Building"", ""item_id"": ""PUBLIC_BUILDING"", ""item_name_jp"": ""公共施設"", ""item_name_en"": ""Public Building"", ""qty"": """", ""item_qty"": """", ""attributes"": {}}]",3,POI,,,,2026-04-11T18:28:34,,,
p_1775801471,3216.63123832314,3699.4758114434376,カントリーサイド・パントリー,Countryside Fresh Foods Pantry,POI,POI,,建物,"[{""cat_id"": ""BUILDING"", ""category"": ""建物"", ""cat_name_en"": ""Building"", ""item_id"": ""STORE"", ""item_name_jp"": ""商店"", ""item_name_en"": ""Store"", ""qty"": """", ""item_qty"": """", ""attributes"": {}}]",3,POI,,,,2026-04-11T18:29:23,,,
p_1775801503,3181.1759846447417,3807.707638461707,コーナーズブルック・キャンプ場,Corners Brook Campgrounds,POI,POI,,建物,"[{""cat_id"": ""BUILDING"", ""category"": ""建物"", ""cat_name_en"": ""Building"", ""item_id"": ""CABIN"", ""item_name_jp"": ""小屋"", ""item_name_en"": ""Cabin"", ""qty"": """", ""item_qty"": """", ""attributes"": {}}]",3,POI,,,,2026-04-11T18:29:01,,,
p_1775801559,3205.901358920467,3383.17762731246,2-5E送電線点検所,Power Line Service Shed 2-5E,POI,POI,,建物,"[{""cat_id"": ""BUILDING"", ""category"": ""建物"", ""cat_name_en"": ""Building"", ""item_id"": ""CABIN"", ""item_name_jp"": ""小屋"", ""item_name_en"": ""Cabin"", ""qty"": """", ""item_qty"": """", ""attributes"": {}}]",3,POI,,,,2026-04-11T18:30:17,,,
p_1775801617,3242.2896455904024,3260.4837889253704,エルシノア廃棄物中継基地,Elsinore Waste Transfer Station,POI,POI,,建物,"[{""cat_id"": ""BUILDING"", ""category"": ""建物"", ""cat_name_en"": ""Building"", ""item_id"": ""STORAGE"", ""item_name_jp"": ""倉庫"", ""item_name_en"": ""Storage"", ""qty"": """", ""item_qty"": """", ""attributes"": {}}]",3,POI,,,,2026-04-11T18:33:03,,,
p_1775801692,3274.012767302654,3037.4889039480736,ダニモーラ廃水処理施設,Dannemora Wastewater Plant,POI,POI,,建物,"[{""cat_id"": ""BUILDING"", ""category"": ""建物"", ""cat_name_en"": ""Building"", ""item_id"": ""FACTORY"", ""item_name_jp"": ""工場"", ""item_name_en"": ""Factory"", ""qty"": """", ""item_qty"": """", ""attributes"": {}}]",3,POI,,,,2026-04-11T18:32:40,,,
p_1775801712,3159.716225839395,2991.3037708670017,エルシノア墓地,Elsinore Cemetery,POI,POI,,,,3,POI,,,,2026-04-11T18:32:19,,,
p_1775801748,3236.2249311454134,2811.6949199961664,暗い沼地の洞窟,Dismal Swamp Cave,POI,POI,,地形,"[{""cat_id"": ""TERRAIN"", ""category"": ""地形"", ""cat_name_en"": ""Terrain"", ""item_id"": ""CAVE"", ""item_name_jp"": ""洞窟"", ""item_name_en"": ""Cave"", ""qty"": """", ""item_qty"": """", ""attributes"": {}}]",3,POI,,,,2026-04-11T18:33:50,,,
p_1775801793,2985.2390564220123,3020.2277936046426,デビルズグロット,Devil's Grotto,POI,POI,,地形,"[{""cat_id"": ""TERRAIN"", ""category"": ""地形"", ""cat_name_en"": ""Terrain"", ""item_id"": ""CAVE"", ""item_name_jp"": ""洞窟"", ""item_name_en"": ""Cave"", ""qty"": """", ""item_qty"": """", ""attributes"": {}}]",3,POI,,,,2026-04-11T18:31:18,,,
p_1775801806,2957.7145831716766,3184.4416001151203,エルシノア、NY,"Elsinore, NY",POI,POI,,建物,"[{""cat_id"": ""BUILDING"", ""category"": ""建物"", ""cat_name_en"": ""Building"", ""item_id"": ""CABIN"", ""item_name_jp"": ""小屋"", ""item_name_en"": ""Cabin"", ""qty"": """", ""item_qty"": """", ""attributes"": {}}]",3,POI,,,,2026-04-11T18:31:03,,,
p_1775801845,2890.5362077810264,3364.5169674817244,ウォルト＆サンズ林業,Walt & Son's Logging,POI,POI,,建物,"[{""cat_id"": ""BUILDING"", ""category"": ""建物"", ""cat_name_en"": ""Building"", ""item_id"": ""STORAGE"", ""item_name_jp"": ""倉庫"", ""item_name_en"": ""Storage"", ""qty"": """", ""item_qty"": """", ""attributes"": {}}]",3,POI,,,,2026-04-11T18:30:47,,,
p_1775801878,2658.2109928883615,3258.6177229422965,ダニモーラ監視所,Dannemora Lookout,POI,POI,,建物,"[{""cat_id"": ""BUILDING"", ""category"": ""建物"", ""cat_name_en"": ""Building"", ""item_id"": ""LOOKOUT"", ""item_name_jp"": ""監視塔"", ""item_name_en"": ""Lookout"", ""qty"": """", ""item_qty"": """", ""attributes"": {}}]",3,POI,,,,2026-04-11T18:47:59,,,
p_1775801931,2616.224508269205,3353.787088079051,バッジャーハイツ・リゾート,Badger Heights Resort,POI,POI,,建物,"[{""cat_id"": ""BUILDING"", ""category"": ""建物"", ""cat_name_en"": ""Building"", ""item_id"": ""CABIN"", ""item_name_jp"": ""小屋"", ""item_name_en"": ""Cabin"", ""qty"": """", ""item_qty"": """", ""attributes"": {}}]",3,POI,,,,2026-04-11T18:48:22,,,
p_1775801993,2562.1085947600704,3461.0858821057836,キングスホロウ鉱山（西）,Kings Hollow Mines west,POI,POI,,地形,"[{""cat_id"": ""TERRAIN"", ""category"": ""地形"", ""cat_name_en"": ""Terrain"", ""item_id"": ""CAVE"", ""item_name_jp"": ""洞窟"", ""item_name_en"": ""Cave"", ""qty"": """", ""item_qty"": """", ""attributes"": {}}]",3,POI,,,,2026-04-11T18:48:55,,,
p_1775802027,2656.344926905288,3547.8579503187066,バックス池,Buck's Pond,POI,POI,,地形,"[{""cat_id"": ""TERRAIN"", ""category"": ""地形"", ""cat_name_en"": ""Terrain"", ""item_id"": ""POND"", ""item_name_jp"": ""池"", ""item_name_en"": ""Pond"", ""qty"": """", ""item_qty"": """", ""attributes"": {}}]",3,POI,,,,2026-04-11T18:53:04,,,
p_1775802073,2259.8059055021454,3699.0092949476693,キャリコ農場,Calico Farm,POI,POI,,建物,"[{""cat_id"": ""BUILDING"", ""category"": ""建物"", ""cat_name_en"": ""Building"", ""item_id"": ""FARM"", ""item_name_jp"": ""農場・牧場"", ""item_name_en"": ""Farm"", ""qty"": """", ""item_qty"": """", ""attributes"": {}}]",3,POI,,,,2026-04-12T10:07:24,,,
p_1775802107,2254.674224048693,3502.139333733403,クラークヒル・エーカーズ,Clark Hill Acres,POI,POI,,建物,"[{""cat_id"": ""BUILDING"", ""category"": ""建物"", ""cat_name_en"": ""Building"", ""item_id"": ""FARM"", ""item_name_jp"": ""農場・牧場"", ""item_name_en"": ""Farm"", ""qty"": """", ""item_qty"": """", ""attributes"": {}}]",3,POI,,,,2026-04-12T10:07:10,,,
p_1775802145,2250.9420920825455,3044.953167880368,チャジー湖牧場,Chazy Lake Dairy Farm,POI,POI,,建物,"[{""cat_id"": ""BUILDING"", ""category"": ""建物"", ""cat_name_en"": ""Building"", ""item_id"": ""FARM"", ""item_name_jp"": ""農場・牧場"", ""item_name_en"": ""Farm"", ""qty"": """", ""item_qty"": """", ""attributes"": {}}]",3,POI,,,,2026-04-11T21:57:14,,,
p_1775802163,2490.731570907505,3037.022387452305,ブレイク農場,Blake Farm,POI,POI,,建物,"[{""cat_id"": ""BUILDING"", ""category"": ""建物"", ""cat_name_en"": ""Building"", ""item_id"": ""FARM"", ""item_name_jp"": ""農場・牧場"", ""item_name_en"": ""Farm"", ""qty"": """", ""item_qty"": """", ""attributes"": {}}]",3,POI,,,,2026-04-11T18:47:01,,,
p_1775802206,2258.40635601484,2839.219393246502,ビッグネッドの釣り小屋,Big Ned's Fish Shack,POI,POI,,建物,"[{""cat_id"": ""BUILDING"", ""category"": ""建物"", ""cat_name_en"": ""Building"", ""item_id"": ""STORE"", ""item_name_jp"": ""商店"", ""item_name_en"": ""Store"", ""qty"": """", ""item_qty"": """", ""attributes"": {}}]",3,POI,,,,2026-04-11T18:44:09,,,
p_1775802236,2311.1227200366698,2599.896430917311,ウェレンラス島,Werrenrath Island,POI,POI,,建物,"[{""cat_id"": ""BUILDING"", ""category"": ""建物"", ""cat_name_en"": ""Building"", ""item_id"": ""CABIN"", ""item_name_jp"": ""小屋"", ""item_name_en"": ""Cabin"", ""qty"": """", ""item_qty"": """", ""attributes"": {}}]",3,POI,,,,2026-04-11T18:43:08,,,
p_1775802262,2382.966260385004,2667.0748063079614,NYS運輸局,NYS Department of Transportation,POI,POI,,建物,"[{""cat_id"": ""BUILDING"", ""category"": ""建物"", ""cat_name_en"": ""Building"", ""item_id"": ""PUBLIC_BUILDING"", ""item_name_jp"": ""公共施設"", ""item_name_en"": ""Public Building"", ""qty"": """", ""item_qty"": """", ""attributes"": {}}]",3,POI,,,,2026-04-11T18:43:48,,,
p_1775802316,2528.052890568977,2732.8536322113064,ダックビル沼,Duck Bill Swamp,POI,POI,,地形,"[{""cat_id"": ""TERRAIN"", ""category"": ""地形"", ""cat_name_en"": ""Terrain"", ""item_id"": ""POND"", ""item_name_jp"": ""池"", ""item_name_en"": ""Pond"", ""qty"": """", ""item_qty"": """", ""attributes"": {}}]",3,POI,,,,2026-04-11T18:38:43,,,
p_1775802416,2668.0078392994983,2654.4788609222146,サミーズ（ダニモーラ店）,Sammy's - Dannemora,POI,POI,,建物,"[{""cat_id"": ""BUILDING"", ""category"": ""建物"", ""cat_name_en"": ""Building"", ""item_id"": ""STORE"", ""item_name_jp"": ""商店"", ""item_name_en"": ""Store"", ""qty"": """", ""item_qty"": """", ""attributes"": {}}]",3,POI,,,,2026-04-11T18:39:22,,,
p_1775802454,2695.0657960540657,2597.0973319427007,グッドタイムズ・ローカルデポ,Good Times Local Depot,POI,POI,,建物,"[{""cat_id"": ""BUILDING"", ""category"": ""建物"", ""cat_name_en"": ""Building"", ""item_id"": ""STORE"", ""item_name_jp"": ""商店"", ""item_name_en"": ""Store"", ""qty"": """", ""item_qty"": """", ""attributes"": {}}]",3,POI,,,,2026-04-11T18:39:50,,,
p_1775802479,2672.206487761414,2554.1778143320075,ダニモーラ消防署,Dannemora Fire Dept.,POI,POI,,建物,"[{""cat_id"": ""BUILDING"", ""category"": ""建物"", ""cat_name_en"": ""Building"", ""item_id"": ""PUBLIC_BUILDING"", ""item_name_jp"": ""公共施設"", ""item_name_en"": ""Public Building"", ""qty"": """", ""item_qty"": """", ""attributes"": {}}]",3,POI,,,,2026-04-11T18:40:11,,,
p_1775802507,2611.092826815753,2535.5171545012718,フェアバンクス沼,Fairbanks Swamp,POI,POI,,地形,"[{""cat_id"": ""TERRAIN"", ""category"": ""地形"", ""cat_name_en"": ""Terrain"", ""item_id"": ""POND"", ""item_name_jp"": ""池"", ""item_name_en"": ""Pond"", ""qty"": """", ""item_qty"": """", ""attributes"": {}}]",3,POI,,,,2026-04-11T18:40:28,,,
p_1775802535,2744.983061101285,2435.2161079110647,総合役場,General Services Office,POI,POI,,建物,"[{""cat_id"": ""BUILDING"", ""category"": ""建物"", ""cat_name_en"": ""Building"", ""item_id"": ""PUBLIC_BUILDING"", ""item_name_jp"": ""公共施設"", ""item_name_en"": ""Public Building"", ""qty"": """", ""item_qty"": """", ""attributes"": {}}]",3,POI,,,,2026-04-11T18:40:44,,,
p_1775802569,2732.3871157155377,2623.2222557057316,サンティーノ・ピザ＆レッドホット,Santino's Pizza & Red Hots,POI,POI,,建物,"[{""cat_id"": ""BUILDING"", ""category"": ""建物"", ""cat_name_en"": ""Building"", ""item_id"": ""STORE"", ""item_name_jp"": ""商店"", ""item_name_en"": ""Store"", ""qty"": """", ""item_qty"": """", ""attributes"": {}}]",3,POI,,,,2026-04-11T18:41:14,,,
p_1775802593,2781.8378642669886,2608.760244336911,アガサ園芸店,Agatha's Plant Shop,POI,POI,,建物,"[{""cat_id"": ""BUILDING"", ""category"": ""建物"", ""cat_name_en"": ""Building"", ""item_id"": ""STORE"", ""item_name_jp"": ""商店"", ""item_name_en"": ""Store"", ""qty"": """", ""item_qty"": """", ""attributes"": {}}]",3,POI,,,,2026-04-11T18:41:31,,,
p_1775802628,2808.4293045257873,2609.2267608326792,プロスパリティパーク,Prosperity Park,POI,POI,,場所・エリア・スポット,"[{""cat_id"": ""SITE"", ""category"": ""場所・エリア・スポット"", ""cat_name_en"": ""Site"", ""item_id"": ""PARK"", ""item_name_jp"": ""公園"", ""item_name_en"": ""Park"", ""qty"": """", ""item_qty"": """", ""attributes"": {}}]",3,POI,,,,2026-04-11T18:41:52,,,
p_1775802648,2818.226150936924,2627.8874206634155,ダニモーラ高校,Dannemora High School,POI,POI,,建物,"[{""cat_id"": ""BUILDING"", ""category"": ""建物"", ""cat_name_en"": ""Building"", ""item_id"": ""PUBLIC_BUILDING"", ""item_name_jp"": ""公共施設"", ""item_name_en"": ""Public Building"", ""qty"": """", ""item_qty"": """", ""attributes"": {}}]",3,POI,,,,2026-04-11T18:42:10,,,
p_1775802687,2702.0635434905917,2728.188467253622,ダックビル・ベーカリー,Duck Bill Bakery,POI,POI,,建物,"[{""cat_id"": ""BUILDING"", ""category"": ""建物"", ""cat_name_en"": ""Building"", ""item_id"": ""STORE"", ""item_name_jp"": ""商店"", ""item_name_en"": ""Store"", ""qty"": """", ""item_qty"": """", ""attributes"": {}}]",3,POI,,,,2026-04-11T18:38:05,,,
p_1775802731,2844.3510746999546,2722.5902693044013,アンビエントエネルギー発電所,Ambient Energy Powerhouse,POI,POI,,建物,"[{""cat_id"": ""BUILDING"", ""category"": ""建物"", ""cat_name_en"": ""Building"", ""item_id"": ""FACTORY"", ""item_name_jp"": ""工場"", ""item_name_en"": ""Factory"", ""qty"": """", ""item_qty"": """", ""attributes"": {}}]",3,POI,,,,2026-04-11T18:38:24,,,
p_1775802760,2889.136658293721,2590.566101001943,ピート理髪店,Pete's Barber Shop,POI,POI,,建物,"[{""cat_id"": ""BUILDING"", ""category"": ""建物"", ""cat_name_en"": ""Building"", ""item_id"": ""STORE"", ""item_name_jp"": ""商店"", ""item_name_en"": ""Store"", ""qty"": """", ""item_qty"": """", ""attributes"": {}}]",3,POI,,,,2026-04-11T18:42:31,,,
p_1775802800,2896.134405730247,2942.319538811319,D-DM-01ダニモーラ配電所,Dannemora Power Substation D-DM-01,POI,POI,,建物,"[{""cat_id"": ""BUILDING"", ""category"": ""建物"", ""cat_name_en"": ""Building"", ""item_id"": ""STORAGE"", ""item_name_jp"": ""倉庫"", ""item_name_en"": ""Storage"", ""qty"": """", ""item_qty"": """", ""attributes"": {}}]",3,POI,,,,2026-04-11T18:31:49,,,
p_1775802837,2967.511429582813,2635.3516845957097,フォーブパーク,Fauve Park,POI,POI,,場所・エリア・スポット,"[{""cat_id"": ""SITE"", ""category"": ""場所・エリア・スポット"", ""cat_name_en"": ""Site"", ""item_id"": ""PARK"", ""item_name_jp"": ""公園"", ""item_name_en"": ""Park"", ""qty"": """", ""item_qty"": """", ""attributes"": {}}]",3,POI,,,,2026-04-11T18:36:22,,,
p_1775802865,2940.919989324014,2530.8519895435875,クリントン刑務所物置,Clinton Correctional Storage,POI,POI,,建物,"[{""cat_id"": ""BUILDING"", ""category"": ""建物"", ""cat_name_en"": ""Building"", ""item_id"": ""STORAGE"", ""item_name_jp"": ""倉庫"", ""item_name_en"": ""Storage"", ""qty"": """", ""item_qty"": """", ""attributes"": {}}]",3,POI,,,,2026-04-11T18:36:08,,,
p_1775802910,2982.90647394317,2478.6021420175266,KHW トラスト（ダニモーラ支店）,KHW Trust Dannemora Branch,POI,POI,,建物,"[{""cat_id"": ""BUILDING"", ""category"": ""建物"", ""cat_name_en"": ""Building"", ""item_id"": ""PUBLIC_BUILDING"", ""item_name_jp"": ""公共施設"", ""item_name_en"": ""Public Building"", ""qty"": """", ""item_qty"": """", ""attributes"": {}}]",3,POI,,,,2026-04-11T18:35:43,,,
p_1775802934,3076.6762895926195,2488.398988428663,廃農場,Abandoned Farmstead,POI,POI,,,,3,POI,,,,2026-04-11T18:35:16,,,
p_1775802963,3190.972831055878,2573.3049906585125,メープルマート#152,Maple Mart #152,POI,POI,,建物,"[{""cat_id"": ""BUILDING"", ""category"": ""建物"", ""cat_name_en"": ""Building"", ""item_id"": ""STORE"", ""item_name_jp"": ""商店"", ""item_name_en"": ""Store"", ""qty"": """", ""item_qty"": """", ""attributes"": {}}]",3,POI,,,,2026-04-11T18:34:56,,,
p_1775802987,3133.1247855805964,2618.5570907480474,ルーラルダラー,Rural Dollar,POI,POI,,建物,"[{""cat_id"": ""BUILDING"", ""category"": ""建物"", ""cat_name_en"": ""Building"", ""item_id"": ""STORE"", ""item_name_jp"": ""商店"", ""item_name_en"": ""Store"", ""qty"": """", ""item_qty"": """", ""attributes"": {}}]",3,POI,,,,2026-04-11T18:34:28,,,
p_1775803026,3134.057818572133,2755.2464240081895,ハイランズ沼,Highlands Swamp,POI,POI,,地形,"[{""cat_id"": ""TERRAIN"", ""category"": ""地形"", ""cat_name_en"": ""Terrain"", ""item_id"": ""POND"", ""item_name_jp"": ""池"", ""item_name_en"": ""Pond"", ""qty"": """", ""item_qty"": """", ""attributes"": {}}]",3,POI,,,,2026-04-11T18:34:13,,,
p_1775897636,1692.3302973448065,2556.1797081490586,D-RF-01リヨンマウンテン配電所,Lyon Mountain Power Substation D-LM-01,POI,POI,,建物,"[{""cat_id"": ""BUILDING"", ""category"": ""建物"", ""cat_name_en"": ""Building"", ""item_id"": ""STORAGE"", ""item_name_jp"": ""倉庫"", ""item_name_en"": ""Storage"", ""qty"": """", ""item_qty"": """", ""attributes"": {}}]",3,POI,,,,2026-04-11T19:08:25,,,
p_1775897967,1728.7705950710404,3148.870432931629,ハンターラボ,Hunter's Lab,POI,POI,,建物,"[{""cat_id"": ""BUILDING"", ""category"": ""建物"", ""cat_name_en"": ""Building"", ""item_id"": ""CABIN"", ""item_name_jp"": ""小屋"", ""item_name_en"": ""Cabin"", ""qty"": """", ""item_qty"": """", ""attributes"": {}}]",3,POI,,,,2026-04-11T19:09:21,,,
p_1775899264,2427.4975798134165,4202.335600591649,サラナックホロウ古橋,Saranac Hollow Historic Bridge,POI,POI,,,,3,POI,,,,2026-04-11T22:04:05,,,
p_1775900229,2702.363722677194,2954.974217943983,ブレイク農場の倉庫,Blake Farm Storage,POI,POI,,建物,"[{""cat_id"": ""BUILDING"", ""category"": ""建物"", ""cat_name_en"": ""Building"", ""item_id"": ""STORAGE"", ""item_name_jp"": ""倉庫"", ""item_name_en"": ""Storage"", ""qty"": """", ""item_qty"": """", ""attributes"": {}}]",3,POI,,,,2026-04-12T10:13:37,,,
p_1775912002,2450.1446357756554,3248.820876531162,ルック洞窟,Rook’s Cavern,POI,POI,,地形,"[{""cat_id"": ""TERRAIN"", ""category"": ""地形"", ""cat_name_en"": ""Terrain"", ""item_id"": ""CAVE"", ""item_name_jp"": ""洞窟"", ""item_name_en"": ""Cave"", ""qty"": """", ""item_qty"": """", ""attributes"": {}}]",3,POI,,,,2026-04-12T10:13:20,,,
